3,1,1,2,4,1,1,1,4,6,2,2,2,4,2,2,3,1,1,4,2,4,2,5,3,12,2,4,2,6,1,3,4,8,3,3,6,10,3,2,8,4,3,11,8,4,6,12,4,5,7,3,3,3,1,4,7,6,10,3,8,5,7,5,5,9,5,4,12,5,3,8,11,1,6,6,6,6,4,8,8,5,6,10,1,21,8,5,3,8,20,22,7,3,15,11,11,10,6,10,8,10,17,21,16,11,13,14,7,12,2,5,16,9,6,1,5,11,26,11,17,1,5,6,31,5,16,15,12,7,14,11,9,33,8,16,13,7,10,17,3,20,41,26,11,16,13,19,21,4,25,20,42,17,9,17,13,21,15,18,19,13,21,7,21,27,21,20,8,2,15,2,20,28,2,4,7,6,14,21,22,15,18,12,1,13,15,16,4,10,1,17,4,22,20,8,17,10,33,1,19,3,21,18,21,20,1,27,2,11,21,13,3,25,1,27,15,26,14,19,21,21,7,22,4,20,11,9,7,16,31,19,19,13,17,5,12,6,7,27,19,2,10,14,8,13,12,1,2,9,5,7,8,23,16,8,10,1,24,13,12,2,11,5,14,7,2,7,27,13,26,22,35,17,17,13,18,7,11,9,17,21,26,17,1,28,14,22,15,5,1,4,8,35,11,17,11,5,40,17,13,4,13,10,17,5,6,7,8,11,4,1,15,10,13,10,11,16,13,12,10,16,19,4,14,6,27,3,16,1,2,2,6,5,13,9,22,12,12,20,17,25,8,6,12,7,15,24,4,20,19,2,21,2,22,11,12,8,2,4,17,21,7,18,4,11,6,8,20,3,18,5,6,16,16,9,17,16,19,9,13,18,5,16,4,16,4,18,16,8,16,10,19,16,5,1,18,16,20,16,14,13,15,2,13,3,16,15,9,18,16,6,1,16,9,17,14,12,16,16,10,16,10,16,5,17,9,3,17,16,3,5,16,16,7,16,8,13,12,16,3,16,16,8,16,16,12,16,12,7,6,8,5,8,16,6,16,7,17,16,3,16,10,8,2,16,16,10,16,16,16,11,15,16,5,16,15,6,16,11,16,15,17,3,5,16,16,16,16,3,18,9,18,12,10,2,2,1,1,16,14,3,16,5,15,1,7,10,16,16,5,6,16,1,9,16,16,5,7,16,10,16,16,16,16,6,16,9,10,9,16,11,18,3,6,16,16,16,12,4,12,13,2,5,3,16,14,16,18,16,7,8,1,16,4,13,16,16,16,16,1,16,15,5,15,17,2,15,7,19,8,5,16,8,16,16,18,11,16,16,16,16,1,10,7,16,16,16,10,16,16,13,12,15,15,6,15,12,15,14,12,8,11,12,15,10,16,3,2,12,8,18,14,16,15,6,8,14,9,20,6,16,15,1,11,18,12,4,16,15,16,9,16,8,4,1,9,20,15,15,16,10,18,13,14,5,6,15,15,13,4,17,15,15,15,3,17,17,2,15,16,16,6,8,16,15,3,16,17,16,16,8,10,16,11,11,4,16,15,14,15,3,15,5,14,2,17,15,9,17,11,16,13,2,13,16,10,6,17,2,13,2,15,1,7,11,17,11,13,2,16,16,12,17,18,15,12,3,16,8,12,5,1,16,9,16,1,16,6,16,9,8,10,16,4,18,18,18,12,18,16,18,1,13,4,4,20,15,16,6,12,17,16,11,7,16,4,8,11,4,11,5,16,16,1,16,16,3,6,3,16,16,2,16,16,16,16,16,11,17,10,4,18,11,9,18,3,16,16,18,10,16,2,16,16,16,8,17,18,1,18,4,1,1,3,16,16,16,7,16,4,16,12,14,7,2,19,12,8,9,1,9,16,9,17,3,16,11,2,16,16,4,5,16,7,16,5,15,13,3,1,13,5,9,14,16,8,16,12,18,13,17,16,20,9,15,13,2,9,14,13,13,16,8,7,6,16,20,14,4,4,7,26,16,16,7,16,18,5,13,17,16,17,17,17,8,12,4,11,6,7,13,17,19,18,15,18,16,16,16,16,16,16,18,17,9,16,16,16,1,16,17,16,16,11,2,5,17,16,16,4,2,8,7,3,18,12,4,8,16,16,16,16,12,3,16,1,16,7,13,16,10,16,6,18,5,2,7,16,1,11,17,17,14,19,14,18,18,16,16,16,14,16,15,15,15,7,16,15,13,5,16,15,15,3,12,15,8,15,16,13,9,15,15,16,15,17,4,14,3,11,15,1,4,6,5,13,22,15,17
5,1,2,2,2,1,1,8,3,1,3,1,3,8,2,2,4,2,5,2,4,2,4,3,3,2,5,3,2,6,5,3,3,5,7,3,3,3,3,1,4,2,7,3,13,5,5,4,7,4,11,2,5,10,7,21,8,4,5,3,9,4,14,5,21,15,10,5,8,6,12,3,3,4,12,2,20,9,21,4,11,9,6,46,3,13,8,5,10,10,34,13,13,14,6,9,10,10,2,6,6,5,9,9,5,9,9,5,8,10,9,11,2,3,6,7,6,6,11,11,12,7,9,5,17,4,18,6,6,3,22,11,12,11,3,13,11,10,14,11,14,6,14,16,14,7,18,15,26,24,17,17,9,8,3,21,14,2,2,8,21,8,8,5,11,18,13,26,12,10,4,10,12,16,13,7,22,2,14,11,20,15,15,17,21,9,13,5,19,8,13,5,4,2,1,11,26,19,6,21,6,14,4,2,19,25,23,33,16,8,14,10,2,3,15,12,15,19,3,5,6,16,1,5,2,13,3,18,20,3,18,16,29,19,18,17,16,17,8,3,46,16,26,2,11,1,18,2,4,17,5,9,13,17,7,29,1,26,19,25,5,16,9,10,13,15,8,25,14,8,6,16,15,26,14,31,16,10,6,19,16,23,7,17,13,23,38,9,1,7,37,9,13,1,20,20,33,12,3,15,24,2,9,26,13,7,20,28,11,1,51,4,10,12,31,13,1,18,5,19,15,6,15,1,21,8,20,11,13,42,16,2,3,3,35,2,8,1,4,9,10,17,3,16,1,18,4,3,22,19,10,22,9,5,26,4,21,10,18,3,19,16,1,17,15,9,13,1,5,18,1,16,18,4,24,21,3,1,14,16,4,13,8,14,9,3,15,15,22,10,9,1,27,15,22,5,9,7,37,5,14,4,29,18,9,25,4,8,23,10,34,22,1,35,8,10,2,11,22,11,26,24,39,9,43,6,8,23,32,1,16,36,6,25,16,13,28,8,18,14,39,20,18,17,40,14,2,19,9,21,22,85,2,1,10,7,10,17,19,14,10,31,23,13,4,8,2,3,23,10,9,16,22,4,7,10,20,4,18,13,20,7,20,2,11,2,9,9,2,1,5,18,12,5,16,24,3,3,31,16,15,18,16,14,6,22,9,16,1,19,5,3,33,43,14,11,21,10,16,7,13,14,4,8,3,4,16,4,16,16,13,11,14,10,16,16,16,16,7,16,17,11,8,8,8,16,4,4,1,8,16,16,1,8,12,16,16,16,16,16,8,16,18,19,16,5,16,4,14,2,18,3,12,16,16,3,17,16,4,12,8,10,20,3,16,18,5,8,16,5,16,16,16,9,16,4,14,14,16,13,18,16,4,16,7,4,16,3,16,17,4,19,15,4,17,16,16,14,16,4,9,12,16,18,7,16,17,4,13,3,16,16,2,12,16,2,7,18,16,12,6,2,5,1,16,11,18,16,16,16,16,4,15,16,11,16,4,2,16,3,9,16,4,16,16,16,16,16,2,3,18,2,16,10,3,11,4,4,16,16,16,18,2,16,8,16,20,16,13,10,18,1,10,9,11,16,16,9,16,16,16,17,8,18,7,16,4,16,12,16,13,18,22,16,18,1,16,13,2,16,16,16,16,16,2,16,18,4,16,8,7,9,18,7,19,16,9,15,17,16,12,14,3,3,8,16,11,15,7,16,16,14,16,2,9,16,7,8,18,13,16,9,16,8,6,16,2,18,8,16,2,16,6,18,16,9,8,4,16,2,18,4,16,16,16,16,16,8,16,13,16,8,10,10,5,8,16,16,16,16,6,18,16,16,18,16,3,16,16,16,4,13,1,7,3,18,1,3,16,17,16,16,16,18,11,16,11,9,16,16,11,7,18,16,6,17,15,13,11,16,16,16,16,16,9,12,10,16,1,9,17,4,3,18,3,16,18,15,17,13,16,13,16,9,13,11,7,16,8,4,9,16,16,16,5,8,11,11,4,2,16,11,15,9,16,1,6,15,8,1,5,17,18,1,7,3,22,13,6,16,16,8,16,13,20,16,16,16,16,16,14,19,16,5,5,4,21,16,16,18,5,1,8,3,16,4,8,16,17,16,7,16,15,16,18,16,16,3,16,11,16,3,8,13,7,5,16,15,18,3,8,16,5,16,16,21,3,18,16,1,3,8,5,9,16,9,18,7,16,16,16,16,16,10,18,15,21,14,16,15,7,1,8,9,6,8,2,16,12,16,16,16,7,16,14,16,2,17,18,16
3,1,1,2,2,1,2,3,2,4,1,6,5,3,3,6,2,4,2,3,2,6,5,4,6,3,2,3,1,6,11,10,5,2,11,5,4,3,6,3,16,6,6,3,5,7,1,6,4,6,5,9,5,5,7,2,3,8,2,2,5,3,11,4,3,27,17,7,6,2,8,9,6,4,3,8,9,3,4,4,14,8,17,8,8,5,10,5,14,9,5,3,8,10,6,7,18,13,16,11,22,11,5,16,7,5,4,2,12,10,8,16,11,8,12,10,5,21,9,11,11,6,13,32,12,12,6,13,13,8,1,19,11,16,1,6,14,22,19,16,23,18,14,22,16,11,12,5,7,12,13,16,13,1,12,7,13,9,6,10,11,1,27,12,13,9,19,14,16,6,13,13,5,6,4,8,9,9,10,10,8,43,13,19,8,3,8,2,23,6,10,22,13,9,13,10,2,1,4,17,7,17,21,23,15,5,16,8,5,22,19,15,1,18,22,10,16,11,14,40,11,4,5,6,24,8,22,5,5,6,11,13,10,15,13,13,13,12,9,6,18,6,6,7,2,20,9,17,13,2,16,12,2,2,2,5,6,9,6,2,8,2,8,2,1,29,13,11,4,6,2,18,5,11,6,8,23,2,11,11,14,11,10,8,7,5,7,4,7,11,11,12,15,5,5,18,40,12,14,11,16,8,13,7,7,5,12,28,26,6,15,12,21,11,12,17,5,14,14,12,14,20,5,22,3,2,12,8,23,3,1,6,10,14,2,6,33,47,21,3,19,16,4,9,31,12,11,12,8,11,30,15,15,2,13,17,17,20,16,12,21,3,7,15,21,13,26,7,15,15,23,15,3,20,20,6,7,20,15,13,13,9,28,16,7,27,41,19,16,18,15,18,11,10,6,3,15,21,24,3,1,17,33,5,19,18,26,5,18,18,11,19,4,25,25,9,13,6,24,1,11,15,13,6,4,3,18,13,4,10,34,26,25,33,28,19,16,4,32,24,9,8,2,11,23,21,7,13,10,9,21,34,5,1,1,13,17,10,14,12,38,19,12,9,2,16,18,16,7,7,16,6,13,8,10,4,16,11,16,7,16,16,18,15,19,16,18,9,3,15,16,14,1,16,5,16,5,16,16,20,4,16,16,16,8,12,9,16,16,8,16,4,16,2,4,7,4,14,16,16,16,18,5,16,8,15,9,16,16,13,18,16,16,18,1,2,7,18,18,6,6,19,16,5,18,15,16,7,16,16,6,16,3,13,15,10,8,15,5,16,16,15,2,3,16,9,8,15,20,6,5,11,1,4,3,15,15,16,16,16,6,16,16,4,11,20,7,1,3,16,2,16,16,16,16,16,2,18,13,16,18,9,5,5,16,11,19,13,7,18,7,16,18,13,7,3,18,20,17,16,2,1,16,18,5,12,8,4,16,16,8,16,16,5,16,3,9,13,16,4,16,6,15,7,16,3,18,16,16,20,16,12,16,16,3,17,16,16,8,16,6,19,16,8,16,4,15,16,8,16,2,4,13,15,2,16,7,15,15,12,15,15,16,16,5,16,15,16,18,16,16,18,15,9,4,3,15,16,7,15,15,15,1,16,1,18,16,2,6,16,1,6,4,15,16,16,15,13,16,9,18,8,13,4,15,16,9,12,2,15,13,4,16,16,4,5,6,16,7,18,10,18,17,1,8,9,5,18,1,8,16,16,6,16,16,8,16,16,9,15,3,14,20,12,8,15,6,16,18,15,16,6,15,15,10,15,15,15,15,15,2,10,16,7,10,15,16,15,14,23,14,15,16,17,4,15,15,4,17,16,1,16,11,12,2,10,4,6,4,18,6,16,5,14,6,16,16,3,16,16,16,16,16,1,20,16,16,1,9,16,16,4,12,2,18,16,6,2,12,16,7,6,16,16,16,15,14,18,15,3,25,16,16,16,15,3,14,11,15,2,15,15,15,13,16,15,15,16,9,16,9,14,10,3,3,25,8,10,6,15,5,16,6,8,1,9,15,18,3,16,3,15,17,18,15,7,15,14,19,18,15,13,11,13,15,12,6,5,1,15,14,21,9,15,3,13,16,15,19,4,12,2,16,16,15,16,15,7,14,16,15,15,15,16,15,6,12,2,3,3,16,15,15,2,7,1,1,17,1,7,4,16,15,15,19,16,15,15,15,6,15,15,3,17,16,15,2,8,10,17,4,12,16,16,16,3,3,16,16,15,16,15,16,16,16,6,3,3,14,18,15,5,5,2,4,16,15,15,13,16
5,1,1,2,3,3,2,3,6,2,4,3,1,3,2,4,2,2,5,2,5,4,2,3,2,5,2,2,13,6,4,8,4,5,5,3,5,5,9,4,14,4,4,5,3,4,2,3,2,11,4,9,5,3,4,13,11,1,3,5,8,6,10,5,5,9,6,5,1,8,7,9,6,6,8,5,5,14,9,9,7,1,9,6,14,6,4,22,6,14,9,12,28,17,12,30,18,9,17,11,5,11,10,7,9,12,5,8,4,7,6,3,6,6,8,13,6,7,1,4,14,15,9,12,10,5,6,12,8,3,12,16,12,14,2,18,24,1,22,2,1,17,9,10,18,37,14,12,17,14,9,8,17,18,16,17,16,6,4,3,8,13,8,7,11,19,6,9,6,8,14,3,3,11,12,13,4,20,26,6,10,13,19,12,3,17,1,11,17,5,17,31,3,15,23,5,1,3,29,13,1,15,19,12,13,16,1,6,10,15,15,1,21,24,1,10,11,23,19,1,2,8,6,10,5,9,13,26,17,2,32,15,18,11,15,12,2,3,22,11,28,9,31,32,2,20,12,13,7,5,23,33,25,11,11,16,16,27,16,8,21,28,49,35,24,12,8,18,8,14,14,6,17,3,5,1,16,4,11,11,19,5,21,23,27,4,12,12,4,4,14,10,19,13,24,7,22,3,12,8,22,1,2,24,31,10,19,18,3,14,12,6,12,17,5,16,8,16,5,29,16,19,6,19,12,15,2,2,26,12,13,2,12,17,20,6,19,18,23,13,14,19,3,12,19,13,20,27,19,19,19,4,11,21,17,8,4,16,12,24,19,16,18,3,16,4,15,5,16,13,15,12,8,15,15,3,7,2,21,17,6,17,15,16,10,3,18,20,4,19,13,15,4,15,3,15,17,1,1,16,15,17,14,6,15,15,16,16,12,15,1,4,6,15,15,2,16,15,15,16,12,19,16,15,3,15,16,16,18,7,15,2,15,16,10,10,16,15,15,18,13,12,11,11,15,15,12,15,5,16,16,15,14,8,17,17,15,4,1,13,16,3,13,8,16,3,18,15,12,11,16,16,17,4,16,16,18,2,18,15,15,17,15,17,6,1,4,7,10,15,6,11,15,15,15,16,4,9,17,15,16,4,14,15,15,14,17,15,17,15,1,16,7,15,12,17,16,16,18,13,8,3,16,11,2,16,18,16,16,5,16,16,6,16,16,16,8,1,1,10,11,16,2,16,19,3,10,16,18,16,16,7,16,7,16,7,5,6,5,16,7,16,15,1,16,12,16,12,8,16,1,18,18,6,9,17,9,17,16,5,16,4,16,16,16,16,16,2,16,16,3,19,16,16,16,16,3,11,16,15,16,16,16,5,4,9,18,16,16,9,16,16,12,16,16,10,9,14,15,16,2,18,16,8,12,16,2,5,11,3,15,9,8,16,16,5,14,18,16,16,15,18,16,1,16,2,16,13,1,16,6,7,15,15,9,16,17,6,4,15,15,5,15,15,6,15,11,16,16,7,14,16,18,16,13,7,16,18,3,16,7,16,27,16,16,8,16,16,12,13,15,15,18,7,2,1,2,8,17,15,2,15,15,15,13,3,17,7,18,7,14,10,17,15,14,16,6,15,5,14,15,15,15,16,15,16,9,15,15,11,15,9,15,15,15,9,4,15,2,16,15,16,15,18,15,16,4,16,15,15,15,10,1,16,15,4,15,16,1,3,2,6,1,16,16,6,6,8,15,4,4,16,15,3,3,15,11,13,8,2,15,15,15,1,16,16,6,15,19,18,2,14,2,1,16,13,1,11,16,16,15,16,16,18,10,16,16,4,16,10,16,8,11,16,16,9,10,18,5,16,7,15,6,16,6,5,3,10,2,26,16,7,17,13,14,1,16,17,1,14,16,10,16,12,12,9,18,17,16,16,16,1,15,1,16,16,8,7,6,3,16,13,8,6,6,2,13,6,8,17,1,15,4,10,15,15,21,13,10,4,18,7,15,1,15,7,17,15,16,15,15,17,15,15,13,15,4,1,15,11,16,6,17,15,15,4,17,15,4,1,15,13,2,13,9,16,10,18,6,18,16,3,16,18,16,2,18,7,17,5,8,16,7,3,10,10,20,14,18,14,6,1,20,6,16,16,5,10,18,18,16,16,11,3,2,16,16,16,16,16,5,3,10,4,1,16,15,6,16,16,15,3,16,5,10,16,5,11,16,16,16,3,20,16,11,18,16,14,18,16,2,1,16,16,6,2,16,17,16,16
3,2,1,1,5,3,2,2,2,1,1,2,1,7,2,5,6,2,3,2,2,2,2,3,3,7,6,2,3,2,4,5,2,4,3,9,7,4,7,9,8,3,3,1,4,4,9,10,6,9,3,3,8,2,3,6,11,15,10,6,5,6,3,7,3,5,3,10,7,6,5,5,12,2,2,7,12,6,5,12,6,6,6,11,16,30,10,7,13,11,10,8,8,7,8,7,15,2,13,10,7,7,6,9,6,4,1,4,6,9,10,6,5,1,6,8,4,13,8,5,6,17,12,15,24,32,8,12,12,27,2,1,5,14,27,3,7,7,13,7,23,11,18,14,14,7,19,14,8,10,6,8,5,13,15,14,18,10,11,20,8,3,14,2,15,17,4,15,14,22,14,12,11,11,13,12,17,13,9,7,13,8,32,7,3,2,11,12,12,8,2,4,9,5,1,12,9,12,13,15,17,17,13,11,15,27,2,18,20,10,3,12,15,4,21,4,21,12,20,15,12,24,18,5,24,4,14,3,10,8,1,11,14,15,5,18,13,10,17,28,28,24,15,13,12,10,27,22,1,4,26,1,8,18,38,19,15,15,2,3,18,22,15,2,9,16,4,42,1,17,21,28,2,14,17,11,16,6,6,11,21,14,16,22,3,8,7,17,20,7,19,24,17,1,19,22,8,2,18,15,9,4,24,3,22,22,17,15,15,19,16,10,15,15,3,17,15,15,4,3,15,2,6,7,7,7,13,16,2,25,20,7,3,10,15,15,16,3,11,6,7,1,16,14,8,8,15,8,4,18,1,4,11,2,15,18,15,9,15,10,6,15,1,15,15,16,13,15,11,7,7,6,17,3,15,11,11,15,15,1,15,19,4,16,15,18,7,16,2,7,15,15,15,17,13,16,11,16,16,2,5,1,2,9,13,8,15,15,1,13,16,16,3,4,17,15,7,17,11,9,15,10,2,15,16,15,8,15,12,15,14,15,9,15,11,15,12,7,3,2,18,7,16,15,5,4,7,16,18,15,15,8,7,17,1,6,4,16,3,17,15,15,15,3,16,17,15,4,9,4,12,11,16,15,12,15,18,2,15,12,9,14,15,2,2,1,13,16,15,16,15,7,16,2,16,2,15,15,15,16,15,1,17,15,16,1,4,15,18,8,2,10,15,3,3,3,12,17,11,14,15,10,16,15,15,13,5,8,4,7,15,15,8,9,5,15,15,14,6,16,16,15,10,15,15,11,15,16,1,16,15,2,10,17,18,11,16,18,14,16,15,3,14,3,4,12,5,4,7,5,15,16,6,16,15,15,15,1,1,15,15,1,15,10,15,14,3,15,16,7,15,4,15,11,15,16,8,15,15,2,17,13,14,15,16,8,10,6,15,10,16,16,3,15,10,16,12,7,16,16,15,15,15,15,6,2,10,4,6,17,1,16,15,16,15,16,15,11,16,15,7,15,5,3,16,6,15,2,4,15,15,1,16,6,1,3,15,15,15,4,5,15,15,3,17,10,17,1,16,15,15,15,8,14,2,18,18,15,5,15,10,10,4,13,16,16,6,16,3,6,5,14,16,17,16,16,16,16,11,18,8,3,18,10,5,15,16,16,13,5,15,4,19,11,16,16,15,6,12,15,5,4,3,14,18,15,15,16,11,10,15,1,16,2,6,1,18,17,15,15,4,16,16,11,5,15,13,16,8,16,16,12,16,16,7,7,9,18,8,16,18,14,16,16,13,6,5,8,6,9,12,15,14,8,7,15,15,3,14,8,5,8,3,11,4,1,15,1,15,8,11,6,4,16,17,10,9,15,15,15,6,2,16,15,15,16,12,16,4,5,15,3,4,21,15,16,15,15,16,5,10,13,17,15,15,7,15,14,5,16,2,16,15,17,7,16,15,13,1,15,12,19,15,15,15,15,15,15,2,2,3,15,2,5,15,15,7,18,2,15,4,16,15,17,1,17,2,5,7,17,3,6,4,16,16,8,6,4,16,1,6,10,2,16,18,16,9,18,3,16,12,16,14,9,16,16,3,18,1,16,8,16,17,7,18,1,16,16,3,16,9,16,18,16,9,16,8,16,11,7,16,16,3,16,16,16,16,16,16,12,1,13,10,4,5,15,15,16,4,16,14,12,13,2,3,19,11,7,16,3,16,15,6,16,2,16,10,6,16,8,12,10,8,14,15,4,6,16,15,15,15,16,17,16,16,10,15,4,16,7,16,3,10,15,19,15,17,15,15,15,15,12,15,16,16,15,1,6,10,4
2,1,1,1,1,2,2,2,2,1,4,3,1,6,3,3,4,2,3,5,2,2,2,9,9,3,3,6,2,5,8,4,3,5,5,3,3,6,9,20,2,21,4,12,11,5,4,6,5,4,1,4,6,6,6,6,13,7,7,15,3,8,12,7,13,6,6,3,4,9,8,14,6,13,11,10,10,8,15,7,5,15,14,10,10,3,3,2,14,4,6,3,23,6,14,12,24,2,7,13,10,2,11,9,25,9,4,20,30,12,8,10,6,11,3,5,9,24,12,13,14,3,7,10,7,2,9,5,14,9,6,5,29,11,14,12,12,3,4,9,8,6,5,28,2,15,9,11,22,4,21,25,2,9,3,27,4,5,11,10,12,8,4,10,18,10,10,9,5,4,4,7,4,1,6,12,9,1,10,8,3,19,16,13,7,9,12,11,7,11,19,21,12,8,8,12,12,11,15,20,11,15,18,11,1,7,7,1,14,20,6,8,20,8,6,12,14,32,12,13,3,15,16,13,11,13,1,14,5,6,2,16,20,18,5,15,21,3,6,10,7,14,7,14,18,2,6,15,1,1,8,6,11,3,16,16,15,3,31,21,4,25,3,9,23,4,18,14,1,27,9,4,12,1,3,17,11,13,16,13,11,22,18,6,12,17,1,26,11,1,20,10,14,5,12,8,2,17,2,9,29,4,24,8,6,13,18,25,26,21,23,20,23,18,5,16,22,9,24,20,15,8,1,13,15,19,3,15,5,19,16,9,12,6,2,16,28,7,12,1,21,13,15,2,15,7,5,18,17,16,16,16,11,4,17,11,16,5,17,15,7,7,17,5,16,1,16,17,19,2,3,5,4,17,3,1,5,13,5,15,4,10,16,15,2,17,16,4,6,4,18,16,16,12,8,15,4,19,15,12,9,15,16,15,16,12,13,16,16,5,9,6,16,15,16,16,16,16,18,9,3,6,16,5,1,1,16,8,16,16,16,16,7,1,16,2,11,13,15,14,11,1,4,15,7,17,15,10,16,11,6,5,18,13,17,1,19,15,16,16,16,9,2,15,7,15,15,16,15,12,9,14,4,2,10,4,16,7,15,13,15,8,7,17,3,7,15,6,8,5,4,15,15,15,15,1,9,15,11,2,15,1,14,7,14,2,17,1,16,15,9,2,17,14,15,3,16,3,10,16,18,15,4,10,12,5,15,15,11,1,2,14,15,15,7,4,6,4,5,1,15,15,15,16,10,15,4,17,10,12,2,13,17,15,15,15,3,15,3,2,15,15,15,10,3,17,14,5,2,16,18,15,19,13,1,2,17,10,16,8,18,1,16,13,16,12,16,1,6,17,16,17,5,18,8,6,2,1,16,21,15,18,16,16,5,5,1,18,16,9,15,11,16,9,18,18,15,14,15,15,8,5,15,17,7,16,3,15,11,1,15,15,15,4,16,15,15,3,10,16,15,15,7,2,4,8,2,8,9,23,9,16,6,10,9,9,11,16,4,10,15,16,12,15,2,6,5,7,4,6,12,17,16,6,15,17,16,11,16,16,15,14,1,8,15,17,5,16,8,12,10,16,12,16,1,15,6,15,15,17,1,6,15,6,16,11,12,11,14,16,6,15,15,10,15,19,8,9,1,15,16,9,1,15,11,9,17,15,5,1,16,15,17,15,17,15,1,8,9,15,8,15,8,4,13,16,15,2,15,3,18,17,8,8,4,11,19,13,18,15,8,11,14,10,17,5,12,11,12,15,4,15,14,21,5,7,16,18,17,10,15,15,16,5,15,11,2,16,15,15,16,1,15,12,6,13,5,1,16,16,15,3,17,9,7,6,15,3,16,16,15,15,1,16,15,14,15,15,17,9,15,14,16,15,17,3,15,15,16,2,16,15,8,15,15,10,15,4,15,7,16,8,15,1,16,10,7,14,1,5,15,4,16,5,1,12,15,15,15,15,15,16,16,16,12,2,6,5,15,9,15,6,17,10,4,15,15,6,6,14,1,9,15,15,15,1,18,5,8,10,3,4,15,9,16,5,17,16,1,16,4,5,16,7,16,13,1,9,11,1,15,15,17,3,15,11,15,15,7,2,10,15,18,15,18,18,6,15,15,9,4,15,11,15,16,16,16,2,3,16,16,18,16,4,10,18,16,15,1,16,13,17,15,15,3,10,5,15,15,16,16,7,10,15,2,15,15,15,15,2,15,15,1,9,15,7,5,11,10,14,12,4,16,15,1,15,9,15,7,8,15,16,8,20,16,15,18,16,1,15
1,1,2,1,3,1,3,2,2,2,2,3,2,6,8,1,3,2,3,2,2,1,7,6,4,4,2,11,2,6,7,5,3,9,7,1,6,4,1,4,9,3,4,3,5,3,7,13,7,12,6,3,4,12,9,4,4,5,6,8,4,3,4,15,7,5,10,12,3,9,6,7,16,6,8,8,5,6,8,5,3,10,12,2,7,13,5,7,12,7,5,11,11,14,12,7,7,14,4,10,8,5,2,7,2,6,8,13,7,6,28,5,13,8,7,7,6,6,10,9,7,13,10,8,7,8,1,10,15,18,4,9,15,2,13,10,19,9,13,1,15,9,9,11,7,14,15,5,20,11,3,7,14,15,7,20,39,23,13,7,22,28,14,22,16,10,8,5,7,4,17,4,27,6,3,17,9,15,8,1,11,7,2,9,38,2,19,1,10,1,10,28,1,9,21,12,5,3,12,18,17,16,11,29,6,15,23,6,10,4,18,1,20,10,23,8,14,2,5,4,17,1,28,25,15,8,2,13,23,7,1,8,5,11,9,12,11,13,11,22,17,8,16,12,10,20,12,13,21,11,10,14,11,13,20,2,3,16,10,14,13,4,2,13,10,17,4,3,19,3,19,12,14,3,24,1,15,7,17,2,6,3,4,23,6,32,19,1,5,4,14,23,2,6,24,19,22,10,6,13,2,6,5,24,17,1,2,12,25,6,25,26,5,15,18,20,17,16,13,2,17,15,5,31,34,4,41,27,26,20,26,16,13,2,24,16,11,5,2,3,19,17,10,18,4,2,5,21,18,27,17,5,4,27,19,18,14,19,2,17,13,2,4,19,2,12,4,10,14,4,15,26,5,7,9,3,1,12,6,15,18,21,4,27,52,23,3,21,3,8,5,6,3,24,19,4,16,9,6,21,3,10,11,2,16,12,16,16,1,15,5,3,18,2,12,16,30,18,7,5,16,3,1,7,13,18,16,16,16,18,16,16,8,8,16,17,9,9,12,14,16,18,7,16,16,11,11,16,16,16,13,16,13,16,16,4,16,16,17,10,7,15,8,5,9,4,16,16,7,4,16,6,16,18,16,3,16,16,1,16,16,5,18,16,7,16,1,16,17,16,9,18,15,1,4,4,10,1,16,5,16,8,3,8,19,16,16,18,6,20,7,1,1,16,10,16,10,16,18,10,12,3,6,5,11,16,13,10,13,16,1,18,6,6,16,22,17,2,16,3,5,14,16,5,16,16,15,16,8,16,11,18,11,18,16,3,18,2,16,15,16,5,16,16,19,16,16,18,16,16,18,19,16,16,16,16,9,16,13,1,7,16,18,16,12,16,13,16,2,16,16,13,6,14,19,3,16,19,21,16,10,16,13,1,7,2,16,13,16,16,16,16,16,12,16,5,16,18,16,18,16,16,8,16,12,16,2,16,1,4,18,16,16,16,16,18,16,5,5,4,11,16,4,16,16,16,8,6,16,8,2,10,1,18,9,10,16,16,16,16,16,7,7,20,1,12,16,16,13,16,9,17,16,16,2,16,16,16,16,16,18,3,15,3,8,7,12,20,17,20,14,7,2,5,9,16,15,4,16,6,18,14,5,10,6,18,6,16,16,16,16,3,16,15,16,7,12,16,16,7,16,18,16,16,16,4,8,18,4,16,16,16,18,16,2,20,7,7,7,6,1,5,11,16,14,10,1,16,3,3,1,11,17,17,3,4,10,16,4,16,3,16,2,16,10,11,9,1,11,16,12,17,8,5,4,3,4,16,16,4,18,18,9,1,16,16,16,19,16,9,3,16,13,8,3,16,16,16,16,16,16,5,16,10,6,16,1,14,4,16,4,12,3,14,1,16,16,16,16,14,4,16,4,8,17,8,1,16,11,13,16,16,4,7,15,8,14,1,8,3,16,2,14,13,2,2,6,9,18,7,16,1,20,16,16,2,1,16,15,10,16,8,6,5,16,6,1,11,15,16,16,17,5,16,16,14,16,16,16,16,16,16,5,9,7,7,16,10,16,16,15,1,16,8,16,16,16,21,8,16,2,11,6,2,16,16,11,16,11,16,16,16,16,16,16,16,16,16,16,1,4,15,14,3,14,16,16,11,16,16,8,16,16,2,16,5,1,16,11,2,9,16,4,16,16,17,16,16,16,9,19,3,5,16,4,16,16,16,16,5,16,14,3,16,11,19,11,13,4,16,4,13,3,5,7,1,16,11,16,12,16,16,6,14,16,16,16,16,12,16,15,18,8,4,11,16,16,16,10,12
2,5,3,1,1,3,2,2,1,1,5,3,1,4,2,7,3,2,7,2,3,7,12,7,3,6,2,6,3,4,2,3,6,3,8,10,5,2,2,1,2,7,6,2,6,5,4,5,5,6,8,5,5,5,5,9,5,14,7,7,15,10,3,6,3,8,3,22,3,3,9,7,12,8,5,4,9,6,12,4,6,9,13,10,6,16,11,4,14,7,8,5,21,3,7,5,6,13,35,8,25,9,16,7,12,8,13,12,12,8,6,2,14,2,5,15,3,16,7,8,11,1,5,9,14,3,14,3,9,12,17,6,1,13,3,3,10,8,8,9,7,18,14,6,10,13,10,26,23,3,19,13,10,22,8,8,21,12,11,14,17,17,24,17,20,12,14,21,13,13,8,16,2,2,16,5,12,9,1,4,3,2,7,4,17,6,24,23,10,3,17,18,2,11,33,9,22,9,10,13,5,10,1,2,11,10,7,7,14,24,4,22,22,2,13,21,26,29,14,19,2,10,16,23,11,14,1,10,10,1,15,8,14,6,12,3,8,3,19,8,13,12,20,7,14,4,8,19,15,3,14,6,7,2,3,26,17,16,14,9,20,2,15,4,18,16,39,16,20,2,7,14,13,3,18,22,17,12,12,17,7,3,3,25,25,24,2,22,21,10,15,22,16,15,3,4,22,25,17,27,15,6,3,22,7,7,22,5,3,20,31,11,21,4,36,27,13,3,7,11,8,21,15,3,8,28,11,9,6,4,4,5,1,2,4,4,13,4,14,9,27,19,29,9,39,10,27,32,26,16,8,9,6,3,3,23,11,40,1,38,11,24,9,7,16,17,14,26,21,18,4,7,23,9,24,5,10,9,7,1,17,5,17,25,20,16,9,19,9,5,1,20,14,22,7,1,20,8,10,3,17,19,9,4,17,4,3,19,15,50,16,11,31,4,21,17,20,10,8,3,11,12,24,22,4,22,21,10,18,7,18,17,11,14,17,4,21,5,4,22,2,32,13,2,26,14,32,11,4,23,6,21,8,17,15,14,13,22,34,5,36,30,4,10,31,8,7,14,24,6,3,2,22,7,1,14,10,20,48,5,15,6,19,18,16,28,44,8,12,15,16,5,29,11,9,4,3,2,18,9,11,5,18,16,11,11,19,17,14,17,17,16,16,18,9,16,16,16,5,16,2,38,17,16,16,16,15,16,10,2,16,16,16,2,8,15,15,16,12,19,2,16,7,14,2,12,16,16,7,16,3,16,1,16,4,16,1,7,9,16,12,16,11,16,16,16,16,1,5,15,8,11,16,18,15,2,16,5,16,14,10,1,11,14,7,10,11,16,17,16,14,17,16,16,10,16,18,6,4,16,16,16,18,12,16,18,1,16,16,7,13,8,15,16,14,9,16,17,12,1,10,8,7,12,15,16,14,2,16,15,15,13,18,12,12,15,16,7,16,1,10,13,16,16,16,15,16,18,7,13,16,1,16,16,4,16,9,3,10,7,16,1,16,16,16,16,5,16,15,2,16,16,16,13,16,16,16,16,16,16,5,16,11,1,12,7,16,17,7,13,18,13,4,18,13,7,4,4,3,8,16,16,13,12,2,21,16,6,16,15,8,5,2,13,17,10,5,15,7,16,3,8,5,15,15,15,20,15,15,17,17,15,3,5,9,2,6,17,16,13,3,15,13,11,15,5,16,5,15,15,16,18,18,5,15,15,15,4,15,13,17,7,15,4,5,15,2,1,15,15,15,20,15,6,16,19,9,15,1,3,8,17,15,8,7,3,4,1,9,1,17,13,16,2,16,9,16,16,5,1,10,16,18,16,16,9,13,7,17,7,16,7,11,1,15,6,10,15,15,16,8,15,15,1,5,15,15,5,18,1,16,9,15,12,14,15,16,16,16,16,16,15,1,15,8,5,6,15,2,3,15,13,15,3,1,4,11,3,15,4,9,3,16,8,17,15,6,15,2,16,15,16,12,1,12,16,5,16,16,8,15,6,17,16,3,14,16,18,8,2,16,16,8,16,11,16,16,9,12,16,18,16,16,5,16,16,6,1,11,16,12,17,4,1,13,2,5,10,9,16,14,16,12,12,14,16,5,16,16,7,8,18,9,16,16,16,16,2,16,10,18,16,16,18,16,16,9,14,16,18,6,16,16,16,15,1,11,7,4,18,5,9,6,16,4,2,3,16,3,4,2,4,3,16,16,16,16,3,16,16,16,4,11,10,16,16,2,15,14,16,4,12,8,16,20,6,18,3,15,11
8,1,5,1,2,1,1,2,2,2,1,6,2,2,1,4,2,6,2,2,2,2,2,6,3,3,4,3,2,8,3,5,7,5,3,3,15,8,4,7,4,7,5,3,4,4,3,7,21,19,4,6,4,8,3,2,5,4,7,7,5,7,5,7,6,6,2,2,11,2,5,5,5,13,7,13,9,11,8,2,12,2,8,8,12,10,1,6,1,13,6,11,15,1,16,27,17,7,17,3,2,2,4,10,5,10,9,7,9,11,2,7,12,7,13,10,2,7,20,26,8,7,13,10,10,11,6,6,4,6,1,14,6,11,3,24,6,11,21,10,16,8,13,2,8,12,16,21,10,11,16,19,18,4,4,5,3,26,12,14,10,16,22,5,3,16,12,21,33,10,5,7,7,46,2,20,13,14,15,3,1,5,20,10,27,16,18,16,12,20,8,15,20,15,12,29,8,2,8,9,13,8,22,14,1,16,16,16,29,8,1,17,21,2,10,16,7,3,15,15,11,13,4,20,18,6,15,2,17,14,5,15,14,5,5,18,19,20,16,14,6,12,12,5,19,29,9,17,15,4,2,26,6,17,1,11,22,22,1,3,5,6,4,8,21,7,15,10,15,14,3,10,15,8,10,15,9,19,12,1,21,14,15,2,10,17,21,24,26,28,13,10,23,19,1,10,4,13,2,10,9,1,27,4,17,9,17,16,31,2,14,8,17,22,19,3,10,10,10,5,24,19,12,18,10,17,22,16,8,17,13,1,10,33,20,5,6,12,29,1,31,22,4,17,7,13,32,22,22,23,22,8,13,4,30,15,7,24,15,21,16,6,8,9,17,17,3,17,16,18,9,1,24,15,15,1,11,4,16,14,2,15,15,15,15,15,20,8,15,15,12,16,12,2,15,15,1,8,5,1,15,19,15,10,20,2,16,2,9,16,11,16,16,13,16,16,10,16,8,16,8,17,5,15,1,16,16,18,16,13,16,5,16,16,16,5,13,15,15,15,1,5,16,16,16,5,16,18,8,16,14,1,16,18,7,16,16,9,18,4,16,2,18,18,16,6,5,16,13,15,6,3,15,2,2,13,9,3,17,16,15,15,16,5,1,15,1,15,6,3,15,17,15,6,3,11,15,6,8,15,15,16,4,15,9,16,16,9,10,16,6,16,15,10,12,7,15,15,15,4,3,3,22,8,13,16,15,11,16,13,12,7,12,15,1,15,15,15,8,16,15,15,16,17,16,12,10,17,4,4,15,14,1,8,15,13,15,16,1,16,18,8,16,9,16,16,18,16,9,14,5,16,16,16,16,14,16,16,16,16,14,12,13,11,15,15,15,17,16,1,5,16,15,4,10,1,15,8,9,13,4,15,15,2,14,11,13,5,1,15,10,16,15,15,2,1,4,6,15,7,10,15,15,15,15,5,15,10,15,15,15,11,7,16,15,15,15,16,18,15,17,15,15,18,13,13,3,10,6,15,15,15,16,19,4,16,15,14,16,14,11,15,16,4,16,16,3,15,7,7,7,1,3,19,7,16,5,11,14,13,8,17,6,8,17,9,16,1,15,1,16,9,15,4,15,6,2,5,5,15,15,15,16,8,15,1,15,11,1,15,2,6,15,3,3,6,16,15,12,15,8,17,2,16,3,13,13,17,8,18,15,15,7,2,15,17,8,1,11,15,15,15,5,16,8,4,15,15,6,2,15,5,18,16,17,5,9,2,19,9,16,16,3,8,15,9,1,15,16,15,12,17,15,3,15,2,16,8,16,4,3,15,16,6,17,16,15,5,5,15,9,2,1,9,15,15,9,16,5,8,10,4,13,4,8,16,9,16,17,16,4,8,4,5,3,1,6,16,8,17,16,18,16,16,16,1,18,13,15,15,16,11,8,4,4,1,12,6,13,7,4,16,16,6,4,12,2,18,13,17,16,15,16,16,7,15,3,13,5,13,2,16,3,16,17,15,7,15,14,15,15,3,8,16,15,4,8,5,1,15,14,7,8,4,2,12,15,5,5,16,7,3,16,7,9,18,5,6,8,3,18,17,15,16,7,5,15,16,15,16,7,6,4,16,17,5,17,5,17,16,8,2,1,16,5,9,15,8,12,10,11,7,16,11,17,16,15,8,17,15,8,1,15,15,6,12,8,1,16,16,10,15,10,1,15,15,2,13,15,2,15,15,15,15,16,15,15,2,15,15,16,15,17,15,15,16,16,6,3,4,16,1,16,15,3,16,16,15,16,11,5,17,12,14,1,16,8,15,16,15
1,2,1,1,3,2,2,2,6,1,2,2,3,4,5,2,4,3,2,3,3,3,3,2,4,2,3,4,2,8,10,4,3,4,5,3,1,13,2,3,3,3,4,5,5,2,17,6,7,4,7,9,6,2,3,2,6,5,16,3,1,1,7,4,4,7,1,10,8,14,16,16,2,13,11,5,5,3,21,5,5,7,6,5,10,6,5,5,10,9,7,9,9,9,6,8,10,13,4,3,18,11,9,6,2,14,14,11,3,13,7,12,10,8,7,14,7,15,19,5,8,13,4,7,3,15,27,3,2,16,6,4,10,13,1,21,10,11,6,3,6,2,7,9,17,10,3,16,12,9,11,18,14,4,28,25,4,11,3,13,2,5,11,32,13,8,5,18,20,3,16,13,3,21,13,12,10,12,6,13,5,8,16,11,16,8,15,10,8,2,3,13,9,13,16,1,4,8,20,17,6,19,10,14,14,14,16,16,15,16,13,11,12,21,2,16,13,17,14,17,3,11,13,8,7,8,12,12,6,7,16,19,14,14,15,2,27,14,4,22,10,7,29,8,15,43,6,16,9,9,6,15,5,23,21,11,8,18,12,16,17,16,1,3,14,1,10,9,11,9,12,2,14,13,11,14,16,24,20,13,2,38,16,1,24,2,14,3,15,3,11,3,21,8,6,5,13,22,18,3,16,8,1,1,1,20,12,37,2,13,1,6,10,15,8,15,15,4,12,19,14,16,12,18,34,24,29,1,15,14,22,5,1,15,5,7,3,23,21,20,18,17,1,13,13,18,12,7,3,28,9,16,25,20,21,17,8,15,1,4,13,29,8,34,34,2,19,2,17,24,6,17,25,16,2,11,11,5,15,17,7,21,18,5,28,19,14,19,35,7,36,5,4,37,15,15,9,9,15,1,27,3,6,22,5,4,13,36,43,7,19,24,15,22,5,20,19,11,18,7,16,22,15,29,4,16,17,16,16,5,8,16,9,20,19,15,14,3,17,5,11,15,9,9,15,3,8,16,16,15,15,4,16,14,16,13,15,1,13,10,10,11,9,15,2,16,4,15,15,2,1,16,15,15,16,6,16,16,1,15,15,15,3,18,15,14,13,20,16,12,16,16,16,16,2,16,11,16,8,16,16,16,2,16,16,16,14,17,16,18,4,15,15,16,1,8,13,15,12,16,7,8,15,16,16,15,16,15,17,16,1,19,10,16,16,16,6,16,18,4,16,16,16,16,16,17,7,16,16,16,16,6,16,16,16,2,16,5,13,7,8,15,16,11,11,9,12,16,16,15,17,20,15,15,8,8,15,12,15,5,16,11,13,19,15,11,17,16,13,15,15,15,2,15,17,15,6,3,15,15,15,12,16,3,15,15,9,15,15,16,18,18,15,3,16,18,18,16,10,10,10,16,7,16,1,16,16,5,15,10,16,14,18,14,15,15,9,15,16,15,6,15,17,15,15,16,4,15,5,3,15,15,16,6,15,1,15,12,2,2,9,5,16,5,16,16,2,17,15,17,6,18,4,7,9,1,7,9,5,10,10,7,15,18,6,15,16,7,15,11,15,5,14,10,4,10,16,17,3,15,16,1,10,15,15,12,12,12,16,15,7,14,16,9,12,5,15,5,6,13,16,14,15,9,13,16,1,7,16,18,9,16,9,16,2,7,15,15,5,16,15,16,18,5,1,12,3,19,16,16,6,12,2,16,17,2,17,18,11,2,10,16,5,17,12,19,10,2,16,9,29,3,21,2,3,10,1,11,10,10,9,2,6,4,20,1,15,15,12,15,5,16,15,16,15,9,14,15,15,9,14,11,16,12,9,3,6,16,2,7,16,18,15,16,16,7,1,4,1,12,15,7,16,9,16,4,1,5,4,15,14,4,15,15,13,6,16,13,8,12,15,15,16,15,5,15,8,7,18,15,2,15,15,5,1,16,11,15,14,17,16,12,16,15,15,15,14,15,4,3,9,15,5,16,15,20,9,15,18,16,11,11,1,15,12,3,15,16,8,17,13,2,16,16,3,16,1,3,16,16,16,18,14,18,9,16,16,2,2,11,6,5,8,8,21,9,16,16,5,2,16,1,1,2,15,7,16,8,4,16,16,5,16,3,10,16,16,9,12,4,9,16,11,18,16,10,16,4,2,10,3,8,16,3,15,20,16,9,16,17,8,9,16,10,16,18,16,18,16,16,16,16,3,1,16,17,5,14,10,16,1,3,1,9,15,15,7,5,7,16,16,17,15,7,1,4,3,15,15,16
1,4,2,1,1,1,2,3,3,2,3,3,1,2,6,5,3,2,2,4,2,6,2,2,2,10,8,1,3,2,6,4,2,3,4,4,3,4,3,5,1,6,3,3,3,10,3,3,4,7,9,6,6,4,4,4,5,4,10,6,6,11,6,4,6,11,12,9,8,5,12,5,5,5,9,12,8,1,3,8,8,2,6,4,12,2,25,17,3,10,3,11,13,10,10,19,21,7,8,8,11,3,10,6,7,3,8,10,3,24,21,4,17,9,2,16,9,9,4,15,15,7,6,12,9,8,22,17,12,11,9,9,10,8,10,23,6,9,7,13,5,15,15,8,16,10,7,13,14,18,4,20,6,12,25,13,4,25,7,3,27,3,4,7,4,8,20,4,15,2,5,6,8,8,14,12,24,15,1,7,11,6,9,3,14,3,7,7,25,10,10,4,13,16,8,13,10,9,7,21,2,11,7,9,12,3,9,6,6,6,4,4,12,9,16,10,16,13,12,8,7,7,24,10,16,4,12,11,8,13,17,13,4,12,8,2,14,12,12,12,17,12,12,19,9,14,12,2,4,4,21,13,4,10,5,14,18,5,13,22,11,7,26,19,12,3,19,15,18,27,9,16,17,1,5,15,5,6,13,1,1,34,15,8,17,10,13,11,7,11,10,13,2,22,6,4,7,17,8,24,13,4,17,19,3,17,3,32,17,15,6,18,16,18,18,10,2,3,28,13,6,15,16,16,15,6,16,15,1,18,15,16,14,7,1,17,2,25,6,15,16,6,15,3,9,1,15,4,15,16,15,6,16,11,3,4,15,15,4,18,6,15,11,15,15,17,15,15,18,3,2,15,5,16,16,14,10,6,16,16,6,16,9,16,16,2,16,16,15,1,15,5,17,20,15,23,16,2,19,11,13,11,16,14,16,9,16,5,15,2,17,13,2,15,15,12,3,8,15,2,16,17,15,15,1,17,13,15,4,3,9,15,15,15,9,8,14,8,2,14,2,15,2,16,17,1,16,1,15,4,2,17,1,17,17,16,15,15,6,15,15,2,3,5,15,15,17,9,17,16,15,18,7,15,16,15,16,16,5,5,10,15,18,15,17,15,10,16,7,16,1,17,15,4,18,17,15,6,8,16,10,5,4,15,14,17,16,15,18,15,16,13,1,16,8,8,20,5,2,18,1,18,16,17,14,1,16,8,4,16,16,16,16,16,16,16,16,4,14,4,16,1,4,23,6,1,9,9,14,16,16,12,15,11,9,15,15,18,16,16,16,16,16,9,14,19,13,17,3,1,6,11,16,16,16,16,16,16,20,14,2,12,5,16,4,14,18,12,11,16,12,9,16,16,13,16,20,18,1,16,17,16,1,3,16,16,8,2,16,11,14,16,9,13,4,13,6,23,6,5,10,4,1,12,10,20,17,12,1,3,8,16,4,16,9,11,18,6,15,4,15,3,18,10,16,15,15,16,14,7,15,3,15,15,4,16,14,15,6,2,6,17,16,16,9,19,8,15,4,15,6,9,9,3,16,16,15,7,15,15,15,2,11,11,17,2,15,1,3,9,8,3,16,15,8,15,15,4,13,4,11,9,15,15,12,13,16,3,16,3,11,1,9,16,3,3,23,1,18,8,6,14,9,16,8,16,16,2,16,8,18,6,16,16,7,16,16,16,16,16,16,5,17,12,4,9,1,9,16,8,3,15,14,9,16,2,7,20,15,3,15,14,7,16,9,13,4,26,13,16,15,15,18,13,16,16,7,18,7,6,16,18,16,14,18,5,15,5,16,5,2,16,16,14,16,16,2,16,16,6,7,16,5,16,16,17,10,5,7,18,16,1,16,16,1,16,16,18,15,4,5,8,6,13,18,1,19,16,17,13,16,16,16,3,12,13,8,8,4,5,12,16,16,20,4,12,3,16,9,2,16,16,16,15,8,11,16,7,16,1,16,12,16,3,1,16,4,16,16,18,6,16,2,16,16,16,14,16,11,16,16,9,6,1,2,18,16,2,16,18,14,16,5,5,18,10,16,16,16,6,16,16,16,16,7,16,16,11,7,16,16,20,16,16,15,2,16,16,10,16,10,2,14,16,11,4,1,7,6,20,16,16,1,16,16,15,14,14,10,9,2,16,16,9,16,18,16,18,16,18,7,16,16,17,16,7,13,16,16,4,16,12,14,1,15,9,16,11,23,3,5,16,5,6,3,16,10,29,12,2,8,12,2,10,10,16,24,16,16,16,16,7,11,7,8,21,26,16,22,17
2,4,1,2,3,1,3,2,1,1,2,2,5,1,1,7,4,2,4,2,5,1,1,2,5,2,8,3,6,3,6,3,4,8,5,5,3,2,15,15,7,5,5,4,9,4,6,4,12,12,5,2,2,14,5,7,2,4,2,7,1,9,6,4,7,8,9,8,5,9,1,7,4,4,11,7,6,6,9,15,9,9,11,4,7,5,7,2,18,6,2,4,6,20,5,5,4,4,5,6,7,3,17,6,7,5,4,5,8,6,3,15,1,12,3,13,18,11,20,2,13,3,9,10,9,4,8,11,6,9,9,2,11,7,10,7,11,11,16,32,10,13,22,10,4,21,9,10,11,1,15,4,24,2,27,15,10,10,18,17,11,15,9,2,10,11,14,24,10,6,1,6,31,5,6,8,6,22,3,6,6,2,7,2,2,13,9,4,18,21,5,4,5,3,10,28,2,14,18,6,14,1,13,32,1,1,14,8,7,18,14,14,16,7,4,11,4,5,32,26,13,17,9,11,6,9,5,20,4,25,3,14,25,11,33,22,4,3,32,12,12,12,14,14,18,6,14,22,18,13,14,5,6,8,10,12,6,13,18,2,16,1,9,15,12,2,16,17,11,8,17,9,16,1,3,9,21,4,9,21,10,2,20,17,9,10,18,16,40,5,8,7,20,25,14,29,12,36,3,22,2,21,1,12,11,21,9,5,26,16,20,11,13,3,7,18,18,1,50,6,13,22,11,1,11,8,6,23,11,24,5,9,18,19,20,6,2,7,25,29,14,18,13,15,17,4,4,6,16,16,13,11,4,6,13,4,32,11,4,16,15,4,19,21,16,18,16,18,18,16,1,16,5,16,16,16,8,16,5,18,16,16,16,8,14,16,5,16,4,6,16,4,6,1,5,16,16,18,13,4,13,9,1,8,6,4,6,18,7,16,3,16,4,16,16,4,16,5,7,16,8,16,12,16,16,8,6,13,6,16,14,8,16,16,16,16,10,8,16,9,16,7,5,8,1,3,16,16,5,6,8,16,16,16,16,16,10,3,16,14,16,16,18,9,16,18,9,11,13,16,16,19,18,18,7,13,16,16,16,18,4,15,14,9,17,7,16,6,4,4,18,3,19,16,7,16,10,16,2,18,16,8,12,9,11,16,16,18,12,19,9,11,16,1,16,4,1,16,16,16,8,20,11,16,18,16,18,2,6,16,16,16,20,16,5,14,16,9,5,9,16,4,18,16,4,6,8,16,11,16,6,10,16,10,15,4,16,9,16,6,1,6,10,16,16,4,11,8,16,16,16,16,8,16,16,16,14,5,16,15,16,9,12,4,18,2,16,16,16,16,3,16,16,18,4,16,5,18,6,18,16,15,6,18,13,16,2,1,5,16,12,13,19,9,18,16,13,1,11,2,16,15,2,16,9,8,16,14,18,5,14,5,8,16,2,13,3,3,12,14,16,6,6,18,16,18,15,2,3,13,3,16,16,15,5,2,2,6,10,14,15,3,13,6,6,16,18,16,9,17,16,16,9,18,16,16,3,16,16,16,16,9,18,16,11,10,12,12,16,16,16,16,16,16,7,1,12,16,16,6,12,14,19,13,5,15,11,16,2,16,12,14,16,6,16,16,7,16,16,16,18,18,16,12,19,1,1,1,16,16,16,18,5,4,18,16,12,4,15,11,7,16,16,11,11,12,16,16,8,1,16,16,16,3,5,16,16,16,11,9,15,16,2,16,7,8,17,7,8,8,16,16,16,4,9,16,8,2,16,6,16,16,10,4,16,14,16,3,4,10,16,16,3,16,16,16,16,1,16,16,1,9,16,16,16,8,3,9,16,16,16,2,2,1,18,16,17,16,16,14,9,16,4,16,1,16,16,13,16,11,11,18,3,16,9,14,6,15,7,9,16,5,7,16,4,16,16,12,9,3,5,6,10,3,16,2,16,11,16,11,3,16,13,16,3,5,13,12,1,16,18,16,12,16,16,18,18,14,16,5,16,16,15,5,16,16,16,16,7,15,1,2,16,3,5,12,16,16,16,13,1,16,19,12,7,20,2,16,16,16,18,1,15,2,9,2,7,4,10,16,15,8,4,16,11,16,16,7,16,18,18,16,4,16,16,15,16,16,16,16,15,1,15,15,6,15,15,15,15,7,15,11,1,5,15,16,5,14,9,17,13,15,16,14,16,17,11,15,15,15,16,15,17,15,4,16,9,15,15,8,16,1,14,15,5,19,4,15,19,16,8,18,3,15,6,11,15,11,15,17
6,1,1,1,2,2,3,3,3,5,2,3,1,2,6,2,2,3,3,6,2,2,2,4,3,3,4,6,3,3,2,6,2,4,2,6,7,5,5,6,7,4,5,4,4,5,6,13,6,5,10,10,4,2,14,7,7,14,10,5,5,12,4,8,5,10,9,5,10,10,6,8,6,9,9,13,6,11,7,13,1,6,9,12,9,4,7,10,12,22,6,7,4,4,6,12,14,11,12,3,9,1,8,7,4,7,5,8,20,4,16,5,6,10,7,16,2,15,1,12,9,13,8,15,15,2,8,17,7,15,10,9,14,7,30,21,13,10,1,2,7,10,7,5,9,17,15,18,12,11,12,6,11,15,6,14,17,1,15,8,3,15,8,11,6,11,18,17,22,15,7,12,8,2,2,1,10,15,9,50,3,9,22,15,7,11,35,5,30,1,16,3,2,9,20,8,10,6,10,9,2,25,32,6,2,16,30,7,9,16,1,17,26,8,18,3,12,13,22,13,25,40,11,1,8,26,1,2,1,9,2,28,10,43,4,21,3,9,1,2,4,10,23,14,2,8,12,6,17,12,18,16,11,1,16,18,11,15,9,11,13,23,12,2,22,13,19,15,3,14,17,13,1,26,17,35,18,9,2,3,5,17,14,19,2,12,11,19,5,49,12,19,24,13,15,15,4,18,14,32,17,17,3,9,5,2,8,9,15,10,15,21,9,1,15,11,15,5,3,9,7,16,1,15,17,13,8,16,17,23,12,16,10,4,1,28,21,17,5,15,7,3,2,5,10,21,21,17,9,25,18,4,21,24,29,15,19,8,11,15,21,10,28,13,22,15,22,13,14,16,8,5,12,1,24,3,34,2,17,15,7,16,15,14,6,2,23,14,15,2,3,17,6,2,14,7,14,18,10,16,4,15,3,12,15,11,6,1,6,16,4,10,3,5,8,13,16,15,15,1,15,17,16,15,3,16,2,2,18,2,2,15,18,4,17,3,15,2,15,2,8,16,10,15,9,15,13,14,11,14,17,15,9,15,4,9,17,16,3,1,16,4,8,14,15,15,15,16,8,9,4,5,18,9,6,4,15,4,15,8,16,10,3,16,9,16,16,16,16,16,16,16,1,7,16,16,10,16,9,6,1,20,9,7,10,18,12,16,18,16,10,13,12,2,7,16,16,16,15,16,12,6,16,15,5,16,5,16,14,16,15,16,15,15,16,12,16,18,1,8,11,4,2,3,15,15,16,4,5,1,3,15,15,15,15,4,15,4,1,18,12,16,17,10,18,11,11,7,2,17,16,15,17,13,15,10,9,16,16,3,11,1,5,16,4,1,14,16,6,15,1,15,3,1,15,15,9,7,15,8,15,4,15,4,1,15,16,1,10,15,8,16,15,1,12,7,6,4,3,2,16,17,2,16,1,15,12,15,17,15,9,16,2,16,16,15,9,11,15,4,12,16,6,15,15,18,16,6,2,6,15,4,10,4,17,2,16,17,15,16,16,4,8,1,11,16,18,18,16,17,15,10,11,6,16,15,15,18,2,3,17,7,15,7,17,15,15,17,3,18,16,18,5,3,6,14,4,16,16,5,15,4,15,4,1,15,15,2,15,18,16,16,16,9,3,2,16,2,1,14,2,16,15,16,5,15,1,16,5,16,13,5,1,15,15,12,15,15,2,8,15,17,11,16,9,15,15,2,15,12,16,14,16,15,8,9,15,11,4,9,16,16,8,15,16,17,15,18,6,15,18,15,6,15,4,4,7,9,15,2,15,15,17,16,13,8,13,3,15,18,15,2,16,5,10,16,2,17,15,16,16,16,16,18,16,18,16,16,1,4,3,14,8,10,17,9,9,16,14,2,6,16,4,16,8,2,2,23,15,16,2,2,1,10,17,16,15,6,15,15,15,9,16,14,15,15,15,13,5,16,14,9,16,15,15,16,15,5,16,16,2,15,15,18,9,15,13,6,13,9,12,7,15,15,15,15,14,17,17,15,10,15,6,15,2,6,15,3,16,17,13,15,19,15,4,10,18,15,17,15,15,15,3,20,2,15,16,5,16,14,13,15,5,1,7,17,16,16,1,15,2,18,18,11,15,15,16,15,14,14,16,15,16,16,15,15,1,17,17,15,10,9,18,16,15,15,10,10,15,5,16,18,8,30,7,11,8,8,26,11,15,9,21,24,16,10,16,7,18,13,28,5,16,10,13,3,18,14,1,12,17,17,15,18,16,15,4,4,7,19,17,16,15,18,16,15,15,16,18,16
4,1,5,1,2,1,4,1,3,2,1,2,2,2,2,3,6,7,2,7,3,3,3,2,2,9,9,2,7,3,2,7,9,3,14,5,3,5,3,3,3,4,3,5,6,3,10,4,5,12,3,5,6,4,4,13,5,1,2,6,4,10,11,10,7,7,5,9,7,3,8,3,5,4,4,13,7,4,7,3,6,20,10,4,1,3,5,13,5,6,7,2,13,19,9,7,10,2,17,5,11,6,7,8,6,11,11,7,6,16,3,6,9,9,10,3,8,2,3,15,2,8,10,19,12,5,11,1,8,4,16,10,7,15,10,15,9,12,3,6,18,8,8,17,16,15,18,5,9,7,6,5,3,9,4,11,18,21,20,16,15,16,10,12,2,11,18,2,17,20,16,1,6,5,12,21,12,15,8,11,14,16,5,11,21,8,29,1,15,15,11,3,34,1,1,2,7,12,17,4,6,2,10,7,19,11,9,27,18,6,23,13,17,15,5,15,24,16,3,7,22,13,6,10,8,6,6,6,9,12,17,16,6,5,6,10,6,29,12,21,8,4,17,8,11,14,11,32,7,2,20,31,9,8,1,7,11,24,4,12,11,7,18,25,10,17,22,15,15,4,3,16,13,9,15,5,7,2,4,5,15,2,27,11,18,15,16,2,17,16,7,7,18,7,16,1,8,18,28,15,16,15,16,16,9,4,5,1,15,9,8,15,13,13,7,16,7,16,16,16,16,19,16,16,7,2,16,9,15,3,8,2,8,4,16,15,6,16,16,16,15,15,17,15,16,11,17,6,16,15,15,13,1,16,5,16,5,1,15,15,3,5,7,7,15,19,7,15,16,18,15,11,15,3,12,7,15,18,4,15,15,17,1,15,16,11,15,17,15,16,15,15,3,15,10,17,15,16,2,4,16,3,3,15,15,15,16,15,15,16,2,9,16,17,10,11,7,7,15,16,17,16,15,11,16,10,15,10,8,1,6,14,3,10,5,15,3,8,4,10,15,16,1,14,12,8,15,16,16,18,15,1,15,16,7,1,15,16,16,15,15,5,15,15,16,1,2,15,15,2,15,16,16,15,18,15,16,10,15,4,16,7,7,9,13,3,8,8,16,16,16,17,16,8,3,9,15,4,16,5,16,7,4,16,16,16,18,16,1,2,9,15,16,13,1,16,18,15,7,2,2,16,16,18,16,15,15,10,11,12,7,15,16,6,5,1,17,18,11,10,7,16,16,17,11,2,8,15,15,16,4,10,15,15,9,5,15,8,13,6,16,15,15,16,14,19,9,15,7,15,9,15,10,7,10,1,16,16,16,15,15,17,15,5,16,11,15,17,15,13,15,8,6,4,9,2,12,7,16,14,15,15,15,16,16,15,6,11,16,16,16,15,1,15,12,15,2,15,17,5,16,10,16,17,16,16,3,3,15,15,13,17,15,15,6,5,15,16,16,4,3,18,15,17,15,17,5,16,7,15,15,15,16,2,8,16,15,3,15,15,9,16,16,16,11,16,15,10,15,15,17,17,13,6,1,1,5,13,15,17,16,16,8,10,1,5,10,16,17,11,10,16,16,16,14,4,16,13,6,5,16,16,16,14,16,10,16,10,17,16,4,16,1,4,1,3,2,2,14,18,12,9,18,17,8,16,19,16,16,8,2,16,16,16,4,6,16,16,11,16,15,16,12,8,7,11,16,2,1,2,19,7,5,16,6,16,16,16,9,1,10,15,16,8,4,9,16,16,2,16,16,18,6,18,16,9,7,4,10,13,18,18,16,20,7,6,5,8,1,16,8,26,16,5,16,16,9,14,13,16,2,18,4,16,16,3,11,7,16,10,16,16,1,16,3,6,1,18,16,16,16,16,11,15,16,18,16,8,16,16,16,16,16,13,13,3,3,12,18,10,16,6,16,16,6,16,1,16,16,16,18,16,1,2,16,5,16,16,16,7,11,16,19,1,16,3,8,16,16,6,1,16,16,16,20,16,18,2,16,16,4,1,16,16,1,3,18,9,13,16,19,17,16,16,16,16,16,18,4,16,16,14,2,16,16,16,16,7,16,16,16,7,1,16,14,16,16,9,16,16,9,16,4,14,7,12,16,16,16,3,16,7,16,17,18,1,18,1,16,4,16,12,18,16,16,1,14,13,16,16,11,21,16,17,4,16,5,10,19,13,17,4,16,8,16,18,16,3,1,16,8,7,16,16,15,16,9,5,16,16,1,4,4,8,16,23,17,10,17,11,17,16,9,19,17,4,16,17,16,10
3,5,3,1,1,4,2,2,2,3,2,2,1,4,3,7,2,2,4,3,2,3,2,5,2,5,7,1,13,2,2,3,3,5,3,3,4,5,8,5,5,7,3,4,5,7,4,8,3,12,3,4,5,4,10,8,21,9,7,16,4,11,8,6,4,4,20,4,11,15,12,6,12,5,5,6,2,8,8,8,11,13,8,20,7,2,6,5,10,9,8,9,9,17,6,7,7,3,11,9,12,2,10,8,9,10,7,12,11,12,11,15,12,11,7,13,13,2,10,5,2,3,17,12,13,21,13,12,16,16,16,4,18,13,19,2,7,11,13,4,5,12,17,17,9,15,6,13,8,15,22,6,26,18,12,20,7,2,6,7,10,23,15,12,15,21,12,5,18,22,10,6,12,18,38,15,17,1,7,15,5,27,5,14,7,16,10,5,22,13,16,14,16,35,6,2,21,19,20,5,25,18,3,21,32,12,9,3,14,13,27,6,6,7,14,14,9,2,22,19,11,1,23,18,12,8,6,14,28,42,16,8,9,5,12,8,14,12,2,18,2,17,16,12,3,9,16,9,10,27,8,25,9,17,12,18,10,9,4,17,10,13,11,16,5,6,14,14,4,8,13,11,15,20,5,41,6,5,15,4,3,10,13,14,8,3,20,4,7,17,3,24,18,2,19,3,9,10,13,20,14,5,11,2,15,12,15,6,5,14,2,23,14,23,15,10,15,10,9,13,11,6,16,28,11,15,4,16,14,19,17,11,26,5,16,26,38,4,26,22,10,4,20,9,4,22,12,17,8,5,9,4,17,3,1,13,37,14,4,6,14,7,8,15,16,16,6,19,17,16,18,4,2,8,13,17,13,27,5,20,16,15,16,16,16,14,2,15,16,3,15,1,15,3,3,15,14,1,9,4,13,15,5,12,15,14,15,16,5,15,2,15,21,15,15,16,15,5,16,9,15,15,15,15,13,14,1,15,16,1,15,5,5,1,16,7,16,5,10,16,15,8,12,4,16,11,15,12,1,15,17,16,9,16,4,4,15,16,15,4,15,13,16,17,6,12,15,13,16,14,16,6,6,15,16,14,15,13,16,16,10,18,9,3,18,7,16,16,4,16,18,11,16,15,15,3,16,14,16,17,16,18,5,16,4,16,11,8,4,16,15,18,4,12,1,16,4,16,15,16,1,16,6,3,18,12,10,16,5,16,6,8,10,18,15,16,2,16,16,12,1,16,16,16,6,1,6,16,4,16,4,16,16,13,15,13,16,18,16,16,8,18,5,15,4,7,13,4,17,3,16,4,16,36,16,5,16,18,18,12,16,7,16,1,8,7,13,20,9,5,16,7,3,20,12,18,13,16,16,18,18,8,1,6,8,16,16,14,16,7,2,16,2,1,16,1,4,13,7,16,16,15,16,4,1,16,8,6,3,16,16,16,12,16,15,8,13,3,1,16,16,15,16,4,7,16,16,16,13,16,2,18,5,12,5,3,4,4,16,8,16,16,13,16,16,16,20,6,16,9,16,4,10,10,15,16,15,5,16,16,2,9,18,16,7,16,16,1,11,16,7,11,9,15,7,2,13,16,16,16,11,1,16,8,16,5,11,8,16,11,7,11,16,16,12,5,16,3,16,16,3,12,16,18,16,18,16,7,16,6,16,18,2,1,16,6,3,1,1,9,11,2,8,4,16,18,19,16,7,1,16,15,16,16,7,19,12,13,1,7,16,2,9,16,16,6,18,16,2,7,6,5,9,4,16,2,18,16,16,8,1,16,15,4,16,16,13,16,18,2,10,16,6,16,4,18,16,5,16,16,4,11,16,16,15,12,16,16,16,9,1,3,10,16,16,9,16,11,9,16,18,16,11,8,16,18,14,16,16,5,12,16,16,5,16,14,4,16,16,16,7,16,12,1,17,12,7,17,16,16,13,14,4,2,16,8,8,16,16,7,8,2,11,16,13,6,13,8,5,3,9,13,15,7,17,8,17,15,15,15,2,14,9,15,6,18,15,13,8,1,15,9,16,15,11,6,18,16,2,15,15,15,16,3,15,2,4,10,16,15,16,8,16,8,15,15,16,15,16,16,6,8,1,15,1,16,13,16,11,3,11,13,10,15,16,2,16,16,16,16,6,9,11,7,16,16,16,5,7,6,16,17,13,11,15,3,3,7,16,16,16,16,16,1,8,16,1,9,10,16,16,23,9,6,11,16,16,18,6,13,9,4,9,8,16,12,10,7,16,16,19,12,16,3,16,16,7,6,2,16
1,7,1,1,1,2,1,3,2,4,1,2,3,1,11,2,3,5,6,3,4,6,4,6,2,5,2,1,2,4,4,2,4,2,5,5,2,14,4,3,7,3,2,3,7,5,6,3,4,6,5,10,2,16,5,5,4,7,9,1,5,6,11,5,2,6,6,1,6,8,9,15,4,7,6,7,7,6,7,5,3,27,11,7,3,17,8,7,4,8,12,6,8,8,4,10,11,7,6,5,8,13,11,10,8,5,8,6,10,20,5,2,12,8,11,8,8,5,9,13,11,10,1,10,10,8,13,7,11,8,9,12,5,11,5,15,6,8,15,10,12,10,10,17,4,14,11,20,15,16,17,9,2,17,11,15,11,20,24,3,8,24,31,6,17,8,11,25,13,17,21,15,8,6,1,7,4,17,2,9,4,11,12,3,21,2,4,8,10,14,21,14,11,4,14,9,19,9,12,6,20,13,15,6,8,15,9,21,16,9,12,13,15,8,34,15,14,13,15,10,13,5,24,27,13,20,17,18,10,15,19,9,1,30,24,9,15,3,14,25,30,7,9,18,6,3,2,28,8,16,12,17,17,33,7,7,12,7,21,27,11,3,13,4,11,23,3,2,22,1,9,21,15,7,16,40,17,7,15,15,16,15,40,1,22,19,3,16,10,37,1,12,14,10,11,26,17,10,8,19,6,14,11,16,3,22,8,26,15,4,10,16,14,17,1,16,7,22,13,23,1,18,30,3,18,4,19,18,2,19,2,16,17,16,14,4,19,17,24,17,6,7,20,24,6,23,16,21,16,10,5,21,38,1,10,8,3,15,19,3,18,7,25,33,41,15,25,7,16,18,15,1,16,1,17,12,19,16,15,3,7,20,14,16,1,5,6,15,1,17,15,15,15,4,7,16,15,15,12,15,2,13,4,9,15,3,17,1,15,13,15,18,6,16,15,8,5,15,9,7,4,15,16,12,2,15,15,17,15,8,7,5,6,16,2,15,15,3,2,15,14,4,15,15,15,17,16,12,16,12,19,14,8,16,16,1,16,11,15,15,15,1,11,8,15,16,15,7,17,15,3,6,7,6,17,16,15,18,15,12,13,4,4,16,16,16,2,2,16,16,16,16,5,18,16,1,18,15,16,9,9,16,2,5,3,15,6,16,18,16,8,16,17,12,3,6,16,6,1,16,1,7,1,10,16,16,16,5,16,16,16,2,6,8,16,16,16,16,18,18,16,15,10,15,11,16,8,18,19,16,15,16,1,7,16,16,16,10,17,3,15,15,15,16,16,18,7,2,9,2,14,16,8,15,17,15,16,15,16,16,15,16,2,15,16,2,15,4,16,1,13,16,2,3,14,11,16,14,18,17,15,15,15,16,15,16,17,14,7,3,5,15,15,18,8,16,3,17,7,9,16,16,15,7,15,15,15,2,15,15,16,16,10,15,7,8,16,16,16,12,1,16,18,3,19,15,16,16,9,16,19,16,16,16,16,18,14,7,14,15,15,10,15,16,16,3,15,17,2,2,5,16,16,5,15,12,16,10,15,9,9,4,9,15,10,17,7,10,4,11,7,4,16,15,15,15,4,15,2,9,3,8,16,15,16,5,15,15,15,3,7,15,5,15,12,16,2,16,15,17,12,10,15,7,15,3,15,5,7,14,16,8,16,9,15,11,15,11,9,16,7,1,15,15,7,15,16,13,7,3,16,16,3,9,16,3,6,16,16,3,16,10,16,16,9,7,8,8,16,4,14,16,4,16,18,17,15,10,16,12,16,10,1,14,15,8,16,9,15,1,18,16,10,15,15,3,12,13,16,16,15,16,16,16,12,1,2,16,9,12,13,2,16,14,15,3,10,17,16,2,3,17,3,10,9,11,1,15,14,12,6,6,16,15,18,7,9,2,1,17,1,3,5,1,12,13,4,5,22,2,5,15,7,15,1,9,10,15,19,10,15,16,18,16,8,10,17,17,1,6,23,17,13,12,11,18,15,17,4,24,17,15,16,9,18,7,1,15,16,15,4,15,1,16,3,1,15,18,7,13,16,5,2,16,18,16,7,16,16,15,15,5,15,15,15,7,5,15,7,17,11,15,15,15,16,19,4,12,15,15,3,4,6,8,10,15,16,15,16,14,15,6,2,1,16,4,13,13,6,3,16,5,13,1,16,16,7,27,1,16,16,17,13,2,7,5,12,16,16,2,3,10,16,9,13,17,7,17,19,13,16,3,9,18,15,16,11,16,16,11,13,6,16,16,15,16,15,5,1,9
2,1,1,4,2,1,5,4,5,1,2,3,2,2,4,2,2,3,3,7,8,6,4,2,3,3,2,2,4,2,9,5,5,8,3,6,6,6,6,6,4,4,5,12,6,5,5,4,3,7,4,10,5,3,5,26,8,13,5,6,7,3,4,18,9,15,6,9,7,10,8,11,11,13,9,8,10,10,9,9,12,3,7,13,3,5,3,15,8,6,1,4,4,3,14,5,11,21,11,15,8,4,13,23,16,12,8,6,6,10,11,9,15,7,6,18,10,5,4,7,13,10,7,10,10,8,13,11,12,11,14,11,9,14,10,8,5,10,7,7,14,7,16,26,9,7,11,6,9,3,4,20,9,36,4,17,14,15,8,1,10,19,1,10,8,10,11,10,27,8,1,5,3,4,15,14,2,29,15,3,10,16,8,4,12,9,13,2,19,2,15,11,11,15,16,10,8,4,11,4,1,16,4,10,4,3,13,3,12,9,23,9,13,12,22,11,18,8,4,22,11,23,14,15,6,5,29,10,20,32,26,5,12,16,15,11,12,14,4,18,8,10,24,13,25,11,2,4,8,8,13,18,2,7,1,5,16,3,16,15,14,11,10,14,7,13,18,13,4,14,3,27,26,26,16,19,18,13,24,8,36,17,5,13,8,10,26,13,14,16,4,11,16,17,13,37,1,12,18,17,26,5,2,15,18,13,9,10,34,16,5,10,7,29,2,20,11,35,18,10,1,16,16,18,16,18,16,16,8,13,16,10,20,1,10,12,4,25,16,18,16,16,16,15,16,16,8,16,16,16,16,7,9,16,16,2,1,16,16,7,17,3,10,11,6,16,12,16,5,18,3,1,21,16,1,9,9,16,4,16,13,16,16,3,6,9,2,3,9,16,6,8,15,8,24,5,16,8,16,3,16,11,11,16,4,9,15,1,3,16,1,18,13,4,3,9,2,13,18,16,9,6,10,19,18,17,6,1,16,16,16,13,11,16,16,9,16,16,16,16,6,8,16,16,19,16,14,16,16,16,8,16,11,16,3,17,12,9,4,16,16,2,3,7,16,18,2,16,2,16,8,16,16,9,16,8,4,16,16,7,13,16,1,16,2,10,16,14,14,2,2,16,10,2,16,4,8,16,6,16,4,18,2,12,3,17,16,6,16,10,16,7,4,2,7,12,7,8,12,14,16,12,6,17,8,2,16,16,13,4,7,9,16,7,16,2,6,14,15,11,16,16,16,2,6,7,16,1,5,16,11,16,16,16,18,14,17,16,12,17,13,16,11,16,8,6,16,2,18,9,16,3,3,7,16,6,1,16,8,2,11,4,5,4,18,16,1,19,16,16,14,11,1,13,16,2,16,11,11,16,16,16,10,14,5,16,5,12,18,16,4,16,1,6,12,7,8,16,18,16,4,16,3,6,16,3,16,1,9,4,16,16,7,16,15,20,16,16,16,16,6,6,2,3,7,7,2,5,17,17,7,7,13,14,7,16,16,13,17,12,16,16,16,18,16,5,12,8,12,18,16,16,16,10,18,2,16,4,16,15,10,16,16,3,4,11,14,16,15,4,16,16,5,15,16,16,18,8,16,18,11,12,10,3,16,3,18,16,6,9,10,3,18,16,7,18,5,16,1,5,17,7,1,16,16,11,5,16,8,2,13,15,15,19,9,13,9,10,4,18,6,6,1,3,6,15,18,10,17,1,2,15,17,1,16,15,13,2,6,8,5,15,4,15,7,10,15,9,17,15,10,15,7,6,15,16,13,6,3,16,15,4,1,15,15,11,15,16,3,15,13,9,16,18,11,8,16,15,15,16,15,17,16,11,15,17,15,17,15,8,2,14,15,6,14,15,11,15,3,15,15,15,2,16,15,3,17,15,15,17,17,15,16,9,7,5,15,9,17,17,15,11,2,2,17,15,5,9,15,3,2,9,4,10,15,16,13,16,8,8,22,6,1,1,16,15,11,16,16,15,19,2,14,3,10,17,16,3,4,4,15,15,11,16,6,6,14,15,4,15,15,2,7,2,6,15,15,15,15,10,15,4,5,7,10,9,7,19,15,16,17,15,20,2,9,16,15,17,15,5,3,16,16,12,17,4,17,15,10,1,17,18,13,15,9,2,17,8,11,16,15,15,15,15,4,15,8,15,4,15,14,15,10,22,10,8,13,18,15,5,15,3,12,15,13,15,13,15,15,15,17,15,15,5,15,15,15,11,2,5,16,7,11,3,15,1,16,15,8,15,8,15,15,8,12,16,10,1,15,8
2,2,3,4,1,3,2,1,7,4,2,4,3,5,3,3,3,12,2,8,2,4,2,5,6,5,2,2,2,3,2,3,4,3,5,5,2,2,6,4,8,3,4,4,3,2,3,17,7,5,5,13,8,5,2,11,15,4,5,6,8,8,6,6,9,3,10,5,7,4,9,10,24,8,3,4,4,5,5,5,1,9,18,10,8,10,5,2,7,8,11,7,10,8,3,7,7,10,6,7,11,4,4,20,2,2,7,21,7,13,12,8,5,14,7,11,14,5,8,9,7,12,7,6,22,10,2,13,1,12,19,11,10,3,6,7,12,8,8,22,3,19,17,5,11,14,10,12,12,3,10,6,7,6,2,18,20,12,7,17,11,3,40,14,18,15,9,2,4,10,9,20,14,10,19,21,11,21,15,16,12,8,16,16,11,13,14,19,2,16,13,5,11,11,9,8,10,3,5,15,8,7,11,28,12,8,10,13,11,12,14,11,22,15,14,18,10,2,15,17,11,2,20,4,4,18,3,17,6,12,12,16,19,10,12,6,30,13,40,15,9,10,3,1,22,2,6,20,2,4,2,3,28,19,19,18,13,13,15,4,5,15,19,12,28,9,4,19,20,17,16,11,10,21,17,17,26,24,16,2,3,24,13,7,4,27,21,5,5,18,6,8,5,17,27,17,8,3,14,28,14,15,6,13,21,16,30,36,19,15,24,28,21,2,17,16,4,4,23,35,26,19,7,17,1,17,17,3,9,12,3,18,9,10,13,4,18,16,12,21,21,4,38,17,14,13,22,6,21,7,9,1,5,4,20,17,20,19,2,52,20,19,1,2,43,14,8,6,29,50,27,15,3,6,5,17,2,23,16,4,14,17,12,18,19,15,11,7,19,29,4,18,8,15,42,11,31,17,1,3,21,1,17,2,4,9,5,13,6,4,22,17,5,13,6,3,16,10,3,15,15,15,15,16,15,16,11,4,15,16,4,17,16,15,15,12,4,1,13,9,2,16,17,3,2,14,32,16,5,16,16,4,18,14,16,7,16,9,10,2,18,16,16,9,3,5,14,15,1,5,19,16,16,5,16,5,16,8,8,14,2,9,16,16,16,16,2,18,7,15,1,12,15,16,9,13,16,16,16,16,16,16,5,1,14,16,16,16,3,2,16,8,16,6,8,16,13,15,9,32,6,4,15,15,17,16,13,16,10,7,16,8,3,16,9,16,15,12,16,8,2,8,16,7,16,18,4,4,17,2,16,16,2,10,10,19,7,16,1,7,12,9,1,16,13,8,12,9,7,16,16,18,13,15,17,9,15,15,15,1,2,6,14,16,14,15,10,15,16,15,6,17,18,7,16,15,15,17,12,3,4,17,11,15,13,11,16,15,2,19,6,16,16,18,14,16,5,17,17,11,1,9,16,15,7,13,7,16,9,11,2,16,16,9,1,16,16,9,2,1,16,18,5,12,14,2,4,11,2,3,8,7,10,20,4,16,16,4,5,5,19,1,8,18,9,16,1,16,9,11,1,3,4,1,5,6,8,5,5,16,11,12,15,16,1,10,9,33,16,11,16,8,12,16,16,7,16,15,16,14,13,4,6,5,18,10,16,3,7,16,11,16,16,10,16,3,6,15,16,18,5,1,4,4,16,6,16,12,16,18,9,3,8,1,16,4,4,6,5,3,14,16,16,16,16,13,18,14,16,18,11,5,16,8,2,16,21,16,9,15,16,16,3,15,10,18,13,1,20,15,1,2,16,1,16,18,11,18,16,11,15,17,15,5,15,16,11,15,16,16,15,15,15,15,17,14,17,15,10,4,2,1,10,11,11,15,15,1,19,16,1,16,2,15,15,12,1,15,15,13,16,16,12,4,3,16,18,13,15,5,4,16,14,10,2,16,6,15,15,4,3,15,15,11,17,9,15,12,18,9,16,15,1,1,16,16,15,9,13,16,8,15,15,9,15,15,6,7,16,16,15,16,18,15,15,10,17,15,7,8,15,2,4,3,5,9,18,19,9,3,16,16,3,15,7,14,5,3,16,15,10,10,12,15,16,15,15,17,15,14,6,13,15,1,12,18,15,9,16,15,15,5,7,15,10,17,4,5,1,15,14,15,15,4,7,22,5,16,14,16,3,14,4,15,4,8,6,16,13,15,3,4,16,1,12,1,17,2,15,15,9,15,3,4,6,17,16,15,11,4,15,16,16,10,15,3,7,16,13,19,16,16,16,1,7,16,2,16,22,16,16,4,18,18,19,13,9,4,16,6
2,2,1,1,2,4,3,1,1,10,2,2,4,3,5,8,2,1,2,3,2,4,3,2,4,2,4,3,1,3,8,4,6,1,13,3,11,3,1,2,5,7,5,9,4,5,1,4,3,3,5,10,4,5,2,9,9,2,4,5,5,4,10,18,5,4,7,6,6,2,1,6,7,8,11,15,3,8,12,6,3,5,8,10,3,12,11,4,10,13,1,14,9,3,19,25,5,6,8,1,15,11,8,7,7,6,18,8,16,2,10,8,15,1,8,6,11,7,5,2,7,12,11,10,14,8,9,10,8,17,5,12,2,7,7,23,2,9,16,15,9,22,1,12,17,13,18,2,10,18,2,5,16,13,22,5,2,12,8,16,1,3,9,6,20,5,12,9,11,7,8,18,11,14,8,10,8,12,8,13,10,12,25,14,6,14,9,12,24,4,22,20,21,1,12,33,17,13,10,2,12,2,15,2,10,16,11,10,4,11,20,3,2,13,1,9,11,12,1,11,12,15,15,15,7,4,1,13,12,26,3,2,9,7,15,29,26,23,29,2,12,9,10,15,5,13,21,29,7,2,14,15,20,2,1,23,24,31,3,18,11,18,8,13,6,16,11,13,15,9,28,18,10,16,21,5,12,4,10,1,14,4,15,25,22,17,26,27,5,9,22,26,8,19,3,21,14,8,2,19,18,14,8,2,3,17,12,4,15,4,3,19,4,9,22,8,27,3,25,19,10,17,21,10,7,14,7,6,3,23,7,11,13,32,28,8,19,2,23,11,29,6,22,3,21,18,17,14,8,16,9,10,47,17,17,8,1,12,9,30,2,36,21,11,10,14,30,29,5,15,21,12,8,17,15,15,24,12,1,1,7,11,18,19,22,5,5,4,29,8,20,3,5,18,7,2,5,8,17,4,1,4,3,11,22,3,17,3,16,14,5,7,25,18,7,22,13,6,18,14,14,9,12,13,16,2,6,16,10,9,15,2,7,7,9,9,1,2,3,5,15,15,11,8,15,15,7,16,2,4,7,8,5,16,15,18,3,15,5,17,15,3,16,4,4,16,16,15,15,15,15,7,15,7,9,15,5,9,13,16,16,18,16,11,16,16,18,21,16,9,11,18,10,16,18,2,16,15,37,16,4,4,6,17,4,15,14,16,15,17,7,1,16,2,4,15,15,1,1,15,15,13,6,6,17,11,15,16,2,3,16,2,4,17,28,12,18,15,15,15,15,15,16,15,4,3,5,9,15,17,15,15,16,15,1,5,15,7,15,16,16,4,6,16,16,2,13,16,16,18,8,16,3,16,6,13,15,16,16,17,11,15,15,15,1,16,17,18,15,14,13,16,16,8,18,10,13,12,11,15,17,15,4,15,5,15,16,17,15,15,18,15,15,14,1,14,16,4,9,15,15,15,10,12,15,16,16,12,4,10,6,8,6,16,10,15,4,15,12,15,15,15,16,16,13,15,16,12,11,13,1,12,13,9,16,16,18,11,18,18,4,7,16,6,16,16,16,16,8,20,3,10,16,18,10,16,6,4,5,16,12,16,16,2,4,3,21,13,9,7,17,11,1,14,2,16,6,17,18,14,6,4,2,16,16,4,8,5,4,16,3,11,16,18,1,8,10,16,10,16,4,16,4,11,10,6,10,12,16,16,16,16,2,3,16,16,4,16,18,14,16,16,16,16,16,9,20,14,8,16,5,16,16,2,17,16,16,2,7,15,9,8,16,14,16,16,4,3,16,11,8,10,16,3,16,9,2,16,10,6,4,16,12,6,1,9,9,8,4,8,19,2,5,20,16,17,7,14,16,8,11,13,16,13,16,3,1,14,2,9,5,17,3,20,18,3,16,17,5,16,19,16,10,5,10,19,11,16,11,13,9,22,16,4,16,16,16,6,16,12,12,3,16,13,13,18,18,1,4,14,16,16,12,16,4,16,6,16,7,7,3,18,16,9,15,15,16,5,1,16,16,11,18,15,22,13,16,2,4,2,16,4,15,16,16,8,16,5,12,13,16,16,13,16,5,16,18,8,1,4,13,9,18,16,10,18,18,18,17,16,16,16,4,7,16,16,1,4,3,18,13,12,6,21,11,16,16,16,4,16,16,16,10,16,16,16,4,4,5,4,16,16,7,6,16,13,16,2,8,11,16,12,18,5,4,11,4,10,16,8,16,16,5,1,18,16,12,3,2,16,14,1,8,12,3,16,7,12,16,9,16,15,1,16,16,16,7,16,9,8,16,3,16,16,8,14,16,4,11,2
5,3,1,1,3,1,2,3,5,4,1,2,2,2,2,3,1,4,4,2,3,2,3,2,5,4,2,2,5,14,4,4,2,3,4,9,10,4,3,6,3,14,5,9,1,4,5,7,3,10,9,4,2,3,5,7,14,6,1,11,9,8,10,8,1,2,9,11,3,11,5,8,12,4,8,12,1,8,13,7,1,9,7,4,12,12,16,10,6,3,17,3,7,9,7,3,10,4,8,12,20,6,9,5,5,2,6,4,7,9,9,3,12,4,7,8,9,10,18,11,3,4,10,8,19,23,14,1,5,7,11,13,14,14,7,19,9,16,17,1,8,8,1,13,17,11,9,8,10,11,6,8,26,6,13,6,2,16,3,19,5,1,16,21,11,14,11,6,21,12,12,8,14,9,14,12,9,4,17,6,8,12,20,20,8,16,10,13,23,12,10,16,4,3,29,9,15,14,28,12,21,10,8,4,2,14,23,15,29,5,14,7,29,23,20,11,15,17,21,4,8,1,13,16,16,21,4,5,22,21,13,15,1,8,35,2,25,3,8,13,12,14,19,7,2,13,22,9,11,5,2,27,1,26,20,9,4,2,15,28,13,21,15,4,24,7,17,1,19,22,20,19,6,13,3,24,5,18,13,5,11,25,9,12,17,21,26,3,10,9,12,2,13,22,5,13,12,12,11,14,11,19,9,21,13,3,5,13,19,3,12,17,19,43,4,1,17,14,17,11,14,6,17,11,17,17,9,2,20,7,11,10,10,13,14,13,9,6,1,26,14,4,31,2,33,2,5,11,3,14,26,6,26,10,14,2,34,8,1,12,16,14,2,10,11,9,5,22,4,21,37,35,42,21,2,22,15,15,2,18,17,16,3,8,15,17,9,18,20,17,6,14,23,7,20,6,9,18,16,1,16,11,21,18,23,16,17,4,20,17,10,16,15,16,2,16,17,9,13,12,5,8,19,16,15,11,10,15,4,4,1,18,6,5,15,11,4,16,13,7,12,16,13,16,2,19,16,3,11,18,15,16,5,10,3,16,15,16,7,12,16,3,15,17,14,11,5,5,2,15,4,17,9,15,15,10,14,9,16,15,6,8,17,9,15,15,15,8,17,1,16,15,17,15,15,2,10,11,5,2,7,17,6,15,1,4,15,15,9,15,16,16,12,14,14,6,13,1,16,16,3,13,15,2,8,16,5,16,5,15,16,14,15,15,4,15,15,15,16,16,16,13,8,12,7,1,17,15,11,18,16,3,11,15,6,16,15,15,15,3,16,16,11,16,15,15,4,16,11,15,8,4,5,19,9,3,15,9,12,9,12,16,11,2,8,13,13,11,15,11,16,6,15,17,15,17,10,15,15,11,10,9,16,15,3,15,16,1,1,15,15,7,5,16,9,8,15,4,15,16,7,1,5,4,15,16,9,15,18,5,5,15,15,16,6,16,16,16,15,2,15,15,16,3,1,1,1,1,17,16,11,16,2,4,13,3,15,2,15,14,4,15,18,15,16,8,10,3,17,1,15,11,14,11,10,7,15,15,15,8,16,15,16,20,16,13,16,16,16,5,16,16,1,9,18,16,16,12,17,8,16,6,16,16,8,16,17,16,17,13,16,3,12,13,2,16,3,16,12,16,7,16,4,2,12,16,18,16,16,18,16,16,12,5,5,5,16,5,14,18,16,16,18,16,16,16,8,18,10,1,16,4,4,18,15,16,6,6,16,6,2,4,9,9,16,16,16,18,17,3,6,16,12,16,16,16,18,16,16,16,16,2,3,2,18,2,17,16,16,16,16,17,4,16,16,18,16,16,18,1,2,1,6,8,14,16,7,3,9,16,4,16,5,16,1,2,10,16,1,16,16,3,16,16,16,16,18,16,11,16,16,2,6,8,13,15,7,15,15,15,9,15,5,11,15,16,16,6,15,16,15,15,2,16,6,7,2,13,1,10,13,12,15,4,4,15,9,16,1,15,16,16,15,15,1,15,3,9,11,15,16,16,16,15,3,15,15,16,12,15,5,15,18,16,15,16,18,4,10,10,1,15,16,4,2,4,5,2,1,16,17,14,16,8,15,15,16,15,16,15,3,5,7,6,4,14,17,3,16,16,15,19,17,18,2,7,9,16,13,16,18,3,16,17,16,4,15,16,6,14,2,6,14,16,9,2,15,18,17,7,18,17,5,12,7,3,9,18,14,16,5,8,14,16,16,16,13,7,17,17,2,18,19,6,17,17,17,16,16,3,17,17,6,15,14,17,17,2,17,16
2,2,4,1,3,1,2,1,1,1,2,3,2,4,6,6,2,2,4,1,2,3,1,3,2,6,3,2,10,5,10,1,3,3,11,9,3,3,4,3,2,2,7,3,3,3,8,11,3,3,5,8,9,3,5,5,5,8,20,12,6,6,6,5,5,4,6,12,7,4,15,5,5,5,2,2,10,10,14,2,8,1,3,5,12,4,6,15,3,12,5,8,2,6,5,8,1,12,8,12,14,2,2,10,5,5,7,8,7,10,1,7,7,7,9,12,7,7,11,12,7,10,14,15,8,12,16,8,8,50,13,3,10,19,31,15,7,16,18,1,6,1,4,13,9,9,4,19,9,12,14,5,37,16,13,6,14,18,14,5,4,14,2,12,23,17,12,2,11,8,8,12,7,11,14,13,4,8,3,19,13,9,13,9,35,13,18,16,15,15,16,18,8,15,8,30,42,1,7,7,6,19,22,35,39,1,2,27,3,18,30,19,13,19,23,11,17,27,11,12,5,18,11,4,5,1,6,12,14,16,12,6,12,38,19,7,6,27,2,21,8,17,12,8,22,19,5,3,6,27,6,17,7,4,4,3,9,27,8,19,22,8,14,3,10,4,12,23,28,10,14,18,34,31,18,21,20,14,6,13,13,3,19,18,11,13,1,16,19,7,26,12,2,2,18,7,11,5,28,24,8,17,2,10,1,12,1,5,11,24,25,15,18,6,28,12,6,21,20,15,21,15,17,21,31,10,4,17,16,29,4,27,10,16,17,20,8,16,8,7,16,1,18,15,3,5,10,3,11,20,6,10,5,2,13,8,16,24,8,19,19,19,21,15,6,4,12,4,16,34,15,24,17,7,9,15,11,8,7,5,11,9,1,15,17,15,9,4,15,15,15,15,18,9,2,5,15,15,15,15,17,17,15,1,15,17,4,15,15,8,10,16,4,15,8,7,15,6,17,15,18,5,16,14,16,18,1,18,12,16,7,5,6,3,16,9,16,16,18,16,2,16,17,16,19,9,15,1,4,8,15,6,15,6,5,12,16,2,3,15,15,9,16,5,8,15,4,15,5,14,9,15,16,15,4,14,16,16,16,17,4,16,15,5,15,16,15,15,16,8,1,17,15,15,12,15,16,8,9,5,15,14,7,10,16,4,16,17,15,1,15,11,15,7,13,11,14,16,3,14,8,8,16,6,17,9,16,4,16,15,8,15,15,2,16,8,6,5,11,11,14,14,15,15,16,13,1,3,6,19,16,16,13,15,9,4,16,20,9,8,1,15,15,16,18,6,13,6,6,9,10,4,16,15,15,15,15,16,17,1,2,16,9,16,9,12,16,11,16,16,16,8,16,10,16,11,13,17,4,6,8,15,3,15,7,7,2,6,17,1,5,7,2,17,12,18,1,16,1,4,16,18,17,18,9,16,17,16,16,16,17,19,19,16,1,16,10,15,16,17,5,6,15,1,15,15,15,8,18,16,13,7,17,16,16,5,9,14,12,13,15,15,15,15,12,14,15,15,16,15,15,8,17,16,4,17,1,4,10,1,15,2,16,16,16,16,16,15,5,7,6,15,12,3,18,16,17,15,2,7,18,15,10,15,15,9,1,15,4,15,15,3,15,13,9,13,16,16,16,18,16,7,6,16,16,16,16,14,11,1,16,16,19,5,2,3,2,7,2,16,10,11,2,14,14,16,5,12,19,16,18,6,2,11,16,2,5,8,5,5,17,9,17,17,16,17,12,4,1,17,18,17,19,6,16,17,3,17,10,3,8,15,1,17,16,16,5,2,17,16,10,2,17,9,3,3,16,16,16,17,16,11,8,16,16,5,16,16,1,3,18,11,16,16,2,16,15,16,10,13,16,9,1,18,19,14,16,6,8,16,16,10,2,16,16,16,16,13,1,13,12,15,16,12,6,15,17,15,15,17,10,16,14,11,13,18,6,16,16,16,6,16,16,20,1,16,3,10,16,16,2,8,13,8,15,16,3,13,4,15,15,16,12,10,16,15,16,1,15,18,4,4,15,8,15,15,15,1,16,14,15,2,4,16,15,18,15,13,8,11,17,6,1,7,16,11,16,17,16,15,13,9,15,16,18,16,12,7,19,7,17,1,17,6,3,11,1,10,11,6,12,18,19,5,16,17,7,1,18,18,5,17,9,16,18,4,12,11,13,16,14,4,6,1,10,15,1,15,2,7,1,12,16,13,16,15,8,7,7,17,15,20,15,16,15,7,19,15,17,2,16,1,16,4,10,10,7,15,16,4
2,4,5,7,1,1,2,2,1,2,1,2,1,2,2,1,2,2,5,3,2,7,2,2,4,7,5,2,5,2,7,3,4,4,4,4,1,5,3,13,5,3,5,2,1,3,5,1,3,1,1,3,3,5,7,3,1,7,4,3,16,4,5,11,8,3,5,3,14,4,6,4,6,5,10,7,10,5,3,15,4,6,3,5,6,7,10,7,3,4,17,10,17,6,15,3,6,14,6,5,6,18,10,6,16,1,7,12,4,19,18,17,8,10,6,11,15,13,15,18,12,10,12,23,12,8,12,13,11,6,12,7,5,8,14,7,13,14,4,17,9,12,10,22,1,2,10,8,11,14,13,16,26,10,9,6,8,4,10,1,7,1,9,14,11,12,17,12,14,1,18,20,14,14,13,17,14,10,5,13,10,18,15,7,6,5,16,13,17,18,10,6,10,8,9,28,15,9,16,3,9,21,5,5,11,7,22,13,4,12,14,5,1,6,17,16,11,17,7,12,9,10,4,40,18,10,9,18,3,12,6,16,13,4,12,12,13,7,17,18,26,7,2,1,3,1,2,3,5,5,10,1,7,18,6,13,7,15,15,10,17,14,12,7,13,13,17,21,4,2,1,3,17,18,27,4,18,15,20,11,5,7,22,12,9,3,18,20,15,5,18,19,18,13,16,1,7,16,13,3,17,9,19,9,2,4,11,3,3,15,15,16,13,13,32,4,15,8,7,34,50,7,8,3,13,3,2,8,3,9,9,4,19,17,13,5,20,1,4,19,4,16,10,10,25,11,12,6,13,11,4,14,14,7,3,18,2,7,3,20,19,2,15,11,16,2,15,23,6,17,33,22,17,8,5,28,21,17,9,3,36,21,8,6,23,1,24,17,14,10,12,10,3,20,16,25,21,4,20,18,16,9,16,9,16,16,9,2,16,7,4,3,3,16,17,14,7,2,17,17,17,1,15,17,17,5,3,9,17,11,17,19,17,2,5,17,17,16,16,17,17,4,4,17,16,16,16,8,18,16,12,5,23,16,16,1,1,16,16,16,2,18,16,16,5,18,5,13,3,11,12,16,16,10,14,9,16,16,7,16,14,16,16,9,2,16,5,16,16,16,8,1,4,10,2,16,8,8,6,2,2,8,1,28,11,16,5,16,3,16,7,16,6,16,19,16,18,18,7,17,16,16,20,15,16,14,6,7,16,5,12,19,16,16,11,8,2,18,16,5,13,4,16,3,2,8,14,11,16,18,1,4,3,18,16,16,8,18,16,4,8,9,16,1,1,9,14,1,15,2,13,7,16,16,5,3,12,16,18,16,18,16,4,16,6,16,16,16,20,6,16,16,3,16,16,5,16,6,16,16,1,3,7,16,8,12,16,5,13,17,16,16,13,1,16,16,16,1,16,3,16,7,2,4,10,16,18,16,1,16,16,16,8,16,7,10,14,16,19,16,3,5,8,9,2,16,8,16,1,16,16,5,10,6,16,16,14,16,18,1,16,16,16,16,16,16,8,12,1,4,9,14,16,18,18,16,16,16,16,2,15,11,20,8,5,16,16,18,16,7,10,16,9,12,13,17,16,16,5,10,16,14,16,16,10,18,16,2,5,16,16,12,18,5,9,16,9,4,16,13,4,16,2,16,16,16,16,14,13,16,16,6,18,16,16,16,16,2,4,16,16,11,8,15,2,10,16,6,16,6,16,16,4,6,16,16,8,18,16,7,10,2,16,5,5,3,16,11,10,5,15,16,10,24,3,18,1,1,16,1,17,16,8,16,16,5,3,10,16,2,2,16,13,8,8,10,4,13,11,8,6,16,7,16,12,4,16,18,2,16,12,16,16,5,12,12,14,17,15,16,16,17,7,13,16,20,11,9,15,5,10,16,5,14,16,1,18,8,17,5,9,16,13,9,16,9,13,8,23,11,11,21,17,9,15,29,25,18,1,15,12,16,15,11,5,6,15,15,12,14,16,1,16,16,17,16,16,15,3,16,10,8,15,15,15,15,6,3,15,3,15,16,2,15,16,14,16,6,9,8,7,4,6,2,18,4,2,9,4,16,16,15,8,6,15,6,16,17,10,15,10,8,2,10,15,6,5,17,2,15,15,2,11,15,13,15,3,19,12,13,11,5,15,15,1,10,6,13,7,10,15,15,12,15,2,8,9,17,1,16,14,16,13,15,15,16,15,8,15,16,2,3,3,11,16,17,16,15,13,15,11,4,15,8,12,15,18,2,5,8,12,14,1,17,2,5,8,15,15,17
4,3,2,4,1,1,2,1,2,4,4,2,3,1,4,1,3,3,3,2,3,3,4,3,4,3,2,4,4,12,9,3,5,12,3,2,1,7,6,3,4,6,9,11,8,5,9,1,12,5,7,4,1,4,9,9,4,6,4,7,4,7,5,9,9,6,10,10,5,7,1,6,9,15,9,7,6,7,6,4,21,8,8,11,13,18,12,11,8,11,9,9,10,6,4,13,14,11,16,12,13,9,7,9,8,4,11,14,22,1,4,18,12,14,13,23,10,8,4,15,5,18,13,4,19,2,12,11,12,4,15,15,13,10,3,13,12,14,4,6,5,12,10,9,11,12,9,6,14,9,22,10,9,6,3,3,15,2,7,4,23,9,16,2,15,15,14,13,18,2,8,17,14,17,14,1,11,18,10,17,9,13,1,2,14,13,20,10,9,1,15,15,12,4,10,4,11,4,18,3,3,13,3,2,18,7,16,33,23,20,3,30,16,7,16,27,19,9,13,11,11,33,24,2,2,20,16,9,9,16,12,8,29,5,1,9,12,6,35,17,11,5,11,14,8,10,4,14,20,3,10,27,25,20,23,22,22,8,13,6,12,8,2,1,13,2,9,19,24,19,8,4,14,10,22,8,6,18,7,12,17,1,7,28,23,11,3,1,10,9,17,14,1,18,11,12,2,26,13,9,16,20,10,14,7,15,13,11,7,19,9,22,17,24,3,16,12,9,11,18,25,26,12,3,4,16,3,12,15,20,7,1,2,22,18,22,5,19,20,11,13,3,16,18,8,3,19,4,20,24,29,5,27,19,14,1,25,22,19,19,17,4,22,4,28,16,14,11,2,16,21,28,8,18,4,9,31,26,8,14,11,5,13,21,14,16,18,7,16,6,16,11,16,4,3,18,16,16,1,1,16,14,4,16,2,1,12,8,16,16,16,16,2,5,14,16,13,15,11,15,6,15,8,13,4,15,17,16,16,6,15,15,6,9,15,8,15,5,11,7,1,12,8,16,7,15,16,8,12,12,1,2,16,15,3,18,14,15,15,16,16,6,16,15,8,15,6,15,15,16,12,11,5,15,8,4,3,9,15,4,15,18,15,11,7,15,16,4,11,14,4,17,12,6,17,6,15,14,1,10,15,4,16,2,10,16,17,15,15,12,2,9,5,15,1,1,2,8,10,14,18,1,15,1,4,5,16,2,16,6,15,15,2,15,15,2,17,15,7,15,17,1,11,17,15,5,1,9,4,16,14,17,11,9,8,16,16,15,16,2,16,6,16,7,16,18,17,16,16,16,4,19,6,3,16,11,7,4,7,4,12,4,16,16,16,16,1,16,16,9,16,16,4,16,6,10,16,16,16,2,16,17,6,7,5,1,16,2,19,8,14,12,4,18,16,5,20,14,17,16,15,16,2,16,15,10,8,16,5,15,5,15,1,9,4,5,5,11,14,15,15,1,15,15,17,13,8,7,10,15,15,12,8,15,19,18,1,10,8,2,15,15,16,17,5,16,16,15,15,16,1,15,17,1,16,16,2,9,3,17,16,15,15,6,15,16,15,17,15,5,16,15,15,14,8,17,14,19,15,8,15,3,18,4,16,2,18,4,5,15,10,16,14,2,1,14,5,15,16,12,15,2,16,10,17,2,9,15,15,13,2,15,15,15,15,12,6,13,15,11,6,8,12,15,5,10,16,5,7,21,15,16,10,17,10,3,10,15,17,2,15,15,15,14,15,15,15,1,9,17,2,5,15,15,15,15,16,12,16,17,14,15,11,15,15,8,5,17,16,10,1,6,16,2,16,15,15,5,13,9,3,2,18,1,11,16,16,11,1,14,8,16,18,17,8,15,16,16,11,6,18,5,13,12,5,3,10,15,17,5,5,16,17,11,6,17,18,15,1,16,2,16,1,17,14,16,4,4,17,29,18,17,15,7,16,16,4,15,9,15,16,16,16,13,1,15,9,18,15,15,12,17,16,10,14,15,15,17,3,17,15,12,15,17,7,5,17,15,8,15,2,15,15,3,12,7,15,15,15,15,3,6,15,15,2,15,12,10,5,17,16,16,15,15,16,15,15,19,15,19,15,15,6,3,15,9,3,6,4,2,2,15,16,15,3,16,15,16,16,1,15,15,17,4,11,8,5,16,5,16,16,6,17,15,2,17,16,16,13,16,19,9,16,17,16,11,18,3,11,7,12,2,1,16,18,15,18,8,2,6,10,18,18,9,16,4,1,16,16,17,14,8,18,18,18,15,12,16,15,15
2,1,6,1,5,3,2,1,1,2,2,2,2,2,1,2,2,2,3,4,1,6,2,2,3,2,8,2,2,5,3,3,4,6,10,8,5,13,3,2,8,4,6,3,11,6,1,5,3,3,3,10,5,2,7,18,8,13,28,7,9,10,5,4,13,17,12,6,1,3,15,5,5,7,4,6,6,4,8,10,3,24,7,9,3,6,8,14,3,11,3,16,4,9,12,8,3,9,6,11,11,12,8,4,12,7,19,3,9,1,16,8,13,12,8,10,10,15,10,9,10,12,8,4,18,4,12,5,8,11,1,9,12,5,9,2,12,17,5,1,35,2,11,20,4,8,7,6,23,11,20,1,19,17,18,18,15,6,11,23,25,24,8,24,18,25,27,4,5,10,5,10,4,6,4,7,47,22,24,17,12,6,7,16,19,4,11,9,2,28,18,18,8,23,8,7,8,16,11,6,6,3,6,12,6,20,9,12,1,10,13,2,12,2,16,19,13,4,7,1,7,30,28,22,26,12,21,5,6,17,6,14,11,4,3,36,6,19,4,18,3,1,19,17,15,12,12,1,1,15,15,10,10,13,9,16,14,11,14,15,5,9,8,16,3,8,5,12,17,15,10,15,20,2,11,16,15,2,17,16,3,10,5,11,12,16,19,16,14,1,3,18,16,4,14,10,11,18,17,14,14,15,16,7,10,8,20,3,10,1,15,15,14,17,11,7,5,10,16,1,9,12,10,30,13,17,3,17,2,17,1,7,2,17,7,8,7,16,15,14,7,17,9,15,15,15,13,5,16,16,3,4,10,16,4,15,17,5,6,9,4,15,4,18,16,16,1,7,3,3,6,15,3,9,6,15,15,7,16,6,2,16,11,18,15,4,9,9,15,15,15,12,16,13,18,14,16,5,11,20,14,1,1,2,4,16,15,15,9,15,3,13,15,4,6,15,15,2,17,17,15,15,6,6,4,7,17,15,6,4,15,16,2,16,2,15,15,1,15,9,15,12,15,15,4,16,3,17,15,18,15,13,15,20,15,10,15,15,9,8,17,11,18,15,9,15,17,2,7,15,15,16,15,16,16,16,6,2,15,4,15,15,16,16,3,16,3,17,15,16,3,15,7,16,16,16,4,14,16,18,15,17,7,7,15,8,11,1,16,3,19,15,16,15,1,15,4,16,15,2,1,1,13,16,16,4,16,18,16,3,4,11,16,16,6,16,7,16,1,12,17,15,5,16,10,16,15,13,17,7,15,15,1,3,8,4,16,8,13,3,5,16,16,16,14,2,16,2,5,16,16,16,16,6,16,2,10,18,16,16,18,5,17,16,16,3,16,4,16,16,10,16,4,10,1,13,5,7,16,6,14,7,7,10,16,15,3,16,4,4,8,16,16,14,4,4,16,3,17,22,2,11,10,16,3,16,16,13,2,16,14,16,18,16,6,6,16,16,7,9,16,12,16,16,16,16,4,16,16,4,16,16,1,13,15,3,9,18,17,1,5,16,16,4,16,16,14,5,16,4,16,16,2,14,2,1,16,16,8,16,8,12,16,18,10,16,16,12,15,5,19,16,2,5,10,16,10,16,16,12,12,17,5,14,4,16,16,10,16,16,16,13,16,5,2,16,1,16,16,18,1,9,13,16,16,12,16,17,4,1,3,16,16,7,13,5,16,10,14,16,16,9,15,8,6,15,16,15,1,14,3,14,11,12,4,15,15,16,16,16,2,8,16,1,13,16,16,13,15,16,16,3,15,11,17,15,17,1,15,17,17,17,8,16,9,10,3,7,16,3,5,16,5,16,10,3,17,4,1,18,10,3,2,15,4,16,12,16,16,13,4,1,18,5,14,16,2,21,18,8,4,19,6,16,12,11,16,2,11,4,6,5,16,1,3,1,18,18,8,16,1,16,16,14,16,16,2,14,16,1,16,1,2,4,16,16,7,16,15,16,1,15,18,16,16,14,1,16,12,8,20,14,5,2,16,16,15,12,17,15,15,4,1,15,2,6,4,2,15,13,17,1,15,16,15,3,15,16,12,14,15,17,15,16,5,6,15,17,7,10,16,15,15,16,15,15,15,17,9,16,7,10,16,16,12,16,13,7,15,15,17,15,9,2,13,1,2,16,14,17,15,16,16,15,5,6,16,15,15,10,16,12,1,20,4,16,12,1,9,16,16,19,18,3,16,2,16,16,16,16,4,16,9,15,16,17,16,18,13,16,16,1,4,5,7,11,16,16,16,16,16,3,15,16,18,2,16,20,1,12
3,3,1,1,1,2,2,5,1,6,2,1,3,3,1,6,2,3,2,2,5,2,5,2,3,3,5,8,5,2,9,2,2,10,2,2,3,3,7,4,5,6,3,1,5,3,12,2,15,3,4,16,4,7,5,9,8,7,8,7,8,9,6,6,8,6,8,6,2,4,1,5,5,7,10,23,19,10,4,10,4,4,16,9,8,6,8,15,9,1,12,10,3,11,8,11,10,7,8,6,7,8,13,15,7,1,3,1,1,9,9,6,9,9,8,6,16,5,9,10,7,8,9,9,4,7,2,18,15,7,11,7,16,11,14,10,17,2,14,8,14,16,10,8,11,5,12,19,15,8,12,5,11,7,18,3,1,3,10,6,8,1,6,14,3,28,7,26,13,6,9,7,9,20,20,11,11,1,14,16,14,22,17,1,10,4,10,9,20,11,32,28,6,16,9,11,1,13,6,35,11,8,9,7,13,11,4,5,3,21,28,15,6,6,20,2,13,25,16,15,3,15,1,4,14,14,12,14,26,13,13,3,34,2,4,17,14,16,2,34,28,16,30,22,29,1,19,17,15,10,2,6,15,5,16,13,17,10,12,16,16,17,1,1,3,9,1,10,6,2,8,18,13,6,28,7,16,21,19,21,13,3,21,5,13,8,11,1,3,2,2,11,24,1,7,14,1,5,25,13,34,23,4,21,33,10,17,25,11,25,14,14,3,5,10,12,19,6,9,15,8,25,21,13,5,31,8,12,8,22,2,5,6,3,8,28,4,12,32,12,21,15,2,16,15,17,3,26,2,19,2,13,28,16,5,15,15,2,19,18,18,9,11,15,13,18,10,31,5,4,7,4,16,2,25,20,27,4,23,14,14,6,31,6,13,36,4,29,10,20,15,35,49,13,1,15,16,5,5,16,11,4,22,15,16,15,6,16,4,16,2,11,3,16,17,18,9,5,2,7,2,7,13,15,16,15,15,9,6,15,6,4,12,5,6,9,7,15,18,16,2,15,16,3,11,5,16,14,12,18,15,9,15,1,15,10,5,5,15,4,15,9,15,4,6,1,11,3,10,15,1,6,15,7,16,15,9,15,15,14,15,17,15,8,15,16,18,15,15,3,17,15,15,15,3,16,12,16,3,16,16,10,9,15,19,15,15,4,13,16,18,12,16,5,16,11,4,17,12,16,17,7,2,42,16,13,4,15,16,16,6,2,15,16,15,15,13,5,16,17,16,12,16,9,16,15,16,2,8,11,2,7,16,16,6,9,7,1,16,3,16,18,3,14,17,16,18,20,4,16,16,3,20,16,18,18,16,18,6,3,16,16,16,18,6,3,15,16,16,4,16,16,16,16,16,4,14,16,16,14,15,6,16,18,15,15,16,7,3,3,14,7,16,15,15,15,16,13,7,18,18,3,6,16,12,16,16,6,18,4,16,6,2,3,16,16,10,2,2,4,16,1,16,5,14,10,16,16,3,1,5,2,2,16,2,1,16,4,16,16,8,5,16,16,14,16,6,1,16,20,13,6,15,15,18,13,8,9,15,18,1,5,15,12,1,18,15,5,4,1,8,6,9,5,6,15,16,18,15,9,18,5,16,14,15,7,15,7,14,6,18,18,16,16,2,17,16,16,4,16,8,16,16,6,16,8,4,3,10,16,8,16,5,16,15,11,16,16,16,7,18,16,16,16,11,3,5,11,7,18,16,8,16,10,14,16,4,10,14,3,4,16,18,16,17,16,16,18,16,3,7,9,11,9,24,16,16,5,16,4,18,19,8,6,1,16,20,16,16,9,12,3,18,17,18,15,7,16,2,8,18,16,16,19,21,17,17,19,15,5,16,16,12,4,3,2,5,12,16,16,15,13,10,10,7,24,16,16,2,18,11,12,9,16,13,2,12,18,16,18,17,17,12,17,3,19,17,2,16,16,16,12,16,16,17,16,16,16,14,11,2,16,7,7,4,16,16,10,2,16,6,2,16,16,8,16,14,14,16,16,7,6,8,16,16,16,16,10,16,8,18,16,16,6,16,16,12,10,7,2,16,16,19,16,16,16,16,4,16,16,16,16,16,16,3,10,5,2,10,18,16,21,13,16,8,16,4,1,7,16,7,7,3,15,6,18,17,17,3,10,8,16,16,18,8,17,5,5,16,19,11,16,4,17,4,16,17,12,16,11,19,16,4,3,17,12,17,3,16,16,12,16,5,16,16,6,17,7,17,17,7,10,16,16,16,17,5,5,16,16,16,16,7,7,17,14,5,5,8,14
3,1,1,2,1,6,1,3,2,4,4,5,4,5,2,2,4,2,3,2,1,5,4,4,3,4,4,2,3,4,7,4,2,5,5,5,3,4,2,11,9,8,3,8,4,1,2,2,3,6,6,5,2,13,5,6,5,4,6,5,3,5,7,3,1,6,9,9,6,3,3,6,6,9,13,12,6,9,13,9,2,9,14,2,6,11,8,12,14,12,2,3,5,3,14,7,7,4,6,1,3,2,13,12,16,3,3,8,19,3,3,7,2,12,16,5,22,12,24,13,2,1,29,9,14,7,6,8,13,10,13,13,10,19,8,20,10,21,15,18,15,3,11,27,1,12,8,13,14,9,16,15,9,9,7,12,18,10,7,22,2,13,12,9,20,5,6,14,2,14,19,35,6,33,13,34,13,14,1,29,10,10,4,2,8,3,6,3,2,49,14,13,5,11,8,15,13,11,17,11,3,19,14,12,14,27,13,8,16,11,11,13,7,13,7,5,23,16,4,10,11,10,25,6,5,3,14,12,17,15,13,13,20,5,11,6,14,17,7,17,1,7,22,15,23,15,3,18,11,3,21,9,9,5,14,12,37,16,3,5,9,7,1,26,11,4,20,14,15,20,15,16,11,15,10,9,21,4,2,8,14,13,5,21,4,3,2,14,22,8,11,17,15,13,19,1,12,20,3,3,19,33,11,2,1,29,19,1,1,15,21,5,24,7,25,3,23,12,17,29,7,3,5,16,18,11,9,16,3,20,15,4,16,12,8,23,38,21,6,54,3,33,27,7,21,19,7,1,20,23,2,4,10,10,13,12,6,15,12,20,9,5,23,3,11,5,16,7,34,27,13,9,12,24,11,2,21,17,6,8,22,15,1,12,6,14,11,7,27,6,28,17,22,4,6,11,6,16,20,15,4,11,17,13,7,6,17,18,12,2,8,18,8,3,8,2,9,20,17,3,17,32,20,13,22,16,2,16,38,7,25,5,16,3,31,50,3,19,22,17,3,16,4,19,5,16,16,18,16,10,5,16,16,16,16,16,3,16,16,15,4,16,4,4,8,16,20,16,5,16,14,16,16,16,17,7,16,16,15,1,16,16,4,9,16,13,7,1,18,2,14,7,16,11,18,10,9,3,12,12,16,16,16,7,13,16,12,16,10,2,20,18,16,16,9,18,10,4,17,16,16,18,7,8,16,7,4,16,1,16,6,14,16,6,17,18,1,5,8,16,16,10,16,16,12,4,16,5,12,16,9,12,16,5,8,16,1,8,14,10,7,13,3,14,18,1,16,2,16,1,16,18,16,17,18,9,5,16,5,8,16,10,17,3,11,9,4,18,18,18,2,12,16,5,16,4,16,2,4,4,16,16,3,8,14,11,19,11,16,6,18,16,16,9,16,5,16,16,16,16,16,17,16,16,11,16,4,14,1,19,16,18,18,16,11,3,11,18,10,16,16,4,10,8,6,17,16,4,10,12,16,18,7,16,3,16,3,16,2,16,18,10,16,18,9,10,4,9,3,7,4,6,5,1,16,16,16,16,18,16,16,16,16,16,16,16,5,16,16,16,17,16,16,15,7,18,7,16,16,16,4,8,8,7,16,4,14,13,6,11,13,16,16,16,1,3,16,2,2,2,10,2,16,16,11,8,16,1,5,16,7,12,16,7,1,5,3,12,11,8,13,2,15,16,9,12,3,16,16,16,6,16,9,16,16,16,8,9,16,2,16,8,5,16,18,5,5,7,17,9,2,16,16,4,2,18,4,11,1,12,14,7,3,14,17,13,18,19,18,18,9,13,16,18,16,16,6,1,4,6,10,3,15,16,17,3,1,1,13,5,16,4,15,13,12,16,16,18,2,16,16,16,16,16,16,8,7,12,5,16,9,16,12,16,3,16,16,4,11,3,11,18,16,13,2,11,6,16,16,8,16,1,9,16,16,8,16,12,18,18,16,16,2,13,16,6,18,10,3,6,16,1,16,8,6,12,26,9,6,18,16,11,16,4,3,13,16,16,16,7,17,6,11,18,9,16,15,13,18,16,16,1,17,16,16,5,16,9,16,5,9,16,16,16,16,5,16,10,15,16,18,16,16,16,16,1,15,16,16,16,16,16,5,8,16,18,2,3,6,16,16,13,5,16,16,16,13,16,16,16,16,16,16,3,9,16,14,16,16,8,16,6,16,16,11,8,16,16,18,3,16,16,3,18,8,16,4,5,16,16,3,1,3,16,2,16,14,3,20,16,16,18,16,7,16,11,17,9,16,1
1,4,1,1,2,1,2,2,1,4,2,2,9,4,3,2,3,8,3,6,3,3,6,1,6,3,3,5,10,5,2,1,3,4,3,3,9,5,7,11,3,3,6,6,4,5,5,5,6,10,6,7,9,4,8,4,3,5,19,4,4,3,8,8,12,6,22,22,7,5,9,4,6,7,5,1,8,6,5,5,5,8,8,5,8,1,10,15,4,8,10,4,7,6,11,10,2,4,12,9,5,11,14,7,3,9,11,25,20,8,12,7,7,3,16,9,11,8,14,7,9,10,11,14,7,11,9,4,18,29,7,2,6,4,20,11,15,4,1,18,7,13,19,19,13,15,3,14,3,10,19,2,10,19,8,7,11,17,10,21,3,2,24,9,3,22,11,17,3,16,20,3,2,47,5,22,8,24,15,28,14,3,23,23,14,21,27,21,8,19,30,19,11,5,23,1,19,6,2,17,11,3,4,13,24,23,14,16,4,18,5,9,34,22,22,23,4,19,8,29,6,7,7,10,6,27,6,13,8,7,13,6,9,2,6,2,7,1,11,13,16,14,1,12,14,8,3,5,33,26,13,3,3,26,4,34,1,18,5,9,6,6,21,16,24,18,11,21,15,8,5,6,12,2,20,22,5,16,1,11,3,19,3,18,16,16,18,5,16,1,16,3,9,14,5,11,16,15,5,1,11,11,16,2,9,2,13,16,10,19,8,20,1,16,16,12,21,16,8,12,4,4,16,6,16,5,16,16,3,16,13,10,17,12,16,16,9,16,10,17,1,12,6,16,16,5,16,16,16,2,18,16,7,19,16,16,15,10,6,10,16,11,16,16,7,16,18,16,2,6,3,10,5,13,16,5,8,7,16,16,16,16,16,6,13,16,16,8,2,16,2,16,17,16,8,5,1,16,16,18,15,18,11,16,16,1,10,10,20,7,2,16,12,7,9,12,18,7,5,12,8,18,11,1,16,4,16,8,16,16,1,10,10,16,7,5,8,8,20,4,9,16,16,8,19,15,19,16,16,6,18,16,3,7,18,16,16,17,16,12,3,20,18,16,7,4,16,16,9,3,1,4,16,16,10,16,3,16,6,18,4,4,16,16,17,9,16,10,16,3,16,16,16,16,4,6,16,19,18,5,5,15,16,3,5,13,8,18,16,11,16,13,21,19,9,16,16,11,4,8,16,16,15,16,10,16,17,6,16,7,16,3,10,16,4,8,4,16,8,16,16,16,16,17,5,16,5,3,16,16,16,16,18,18,16,10,16,16,18,16,5,16,14,3,16,16,11,6,16,4,10,4,16,18,4,1,15,16,16,16,7,5,18,16,1,16,8,16,6,6,7,16,9,8,6,15,12,18,16,10,16,16,1,16,16,13,7,16,6,9,11,16,16,7,16,16,8,2,16,13,7,4,16,16,1,6,4,6,12,2,16,13,16,4,16,16,15,16,16,18,4,16,16,10,16,16,16,5,20,1,16,14,8,16,16,13,6,17,7,16,16,2,16,5,5,4,16,7,15,4,1,3,3,16,8,18,16,4,12,16,1,8,9,18,16,16,16,7,16,16,5,1,9,16,13,5,18,3,16,6,1,13,16,14,11,7,3,8,16,15,16,4,5,10,12,13,4,14,16,7,16,16,16,16,6,15,16,18,2,10,8,16,16,18,1,18,10,22,4,16,1,9,5,16,16,16,15,1,18,3,6,5,6,5,22,7,16,12,13,4,16,13,3,18,4,26,7,15,1,18,16,16,9,16,12,4,17,9,16,8,16,16,12,6,16,5,13,16,6,13,15,4,11,15,15,16,3,2,16,15,17,15,16,7,17,15,15,15,16,11,9,6,15,1,3,9,16,16,15,16,16,14,16,16,17,11,6,15,16,1,15,11,14,15,3,1,2,15,1,17,8,1,15,18,7,11,15,15,13,15,9,10,18,2,9,8,11,6,11,15,17,16,15,9,10,16,6,15,15,16,17,15,15,11,15,1,6,17,15,9,16,16,16,13,15,5,3,14,7,3,4,17,6,3,18,7,15,15,15,8,8,16,5,15,15,15,10,8,16,18,16,12,16,1,16,15,2,6,8,15,13,13,15,1,1,16,15,12,2,15,12,10,15,17,16,2,5,17,7,16,17,7,15,15,17,10,15,15,15,15,15,15,16,15,15,14,1,15,14,17,7,15,17,11,9,2,16,6,15,16,2,16,15,11,16,12,14,16,11,15,15,8,15,15,17,14,15,16,2,16,5,16,16,18,7,15,3,15,15,1
4,3,4,2,2,2,1,1,2,2,1,4,1,7,1,4,2,16,3,4,2,3,4,1,3,1,3,1,4,5,2,2,3,2,3,4,3,3,3,3,3,3,7,3,7,3,13,3,10,9,5,8,14,13,10,6,4,2,6,5,27,12,4,19,8,5,7,2,5,10,8,18,7,7,5,4,2,9,10,12,11,11,11,9,13,4,9,1,15,8,17,18,9,20,12,9,9,3,4,14,2,11,3,14,3,7,13,3,4,4,5,6,7,5,4,6,10,9,11,9,1,19,12,2,8,7,3,7,11,12,10,2,12,4,13,21,9,14,1,8,8,1,10,11,6,12,1,8,13,8,4,3,14,11,10,15,6,1,9,3,17,7,2,5,10,14,7,18,17,15,14,13,11,15,14,14,10,5,16,1,9,34,14,7,11,17,3,12,12,1,12,7,10,11,6,8,5,17,11,13,6,16,17,18,15,13,11,13,6,13,2,17,14,4,14,11,7,2,12,5,9,8,20,1,13,5,6,15,9,6,1,23,8,9,6,5,32,46,15,21,17,17,14,2,1,12,28,7,5,17,16,4,3,16,4,12,5,13,1,9,8,27,3,12,15,3,11,2,15,6,16,4,20,10,6,27,26,14,16,15,9,51,8,9,14,31,5,24,7,14,18,7,3,26,3,30,16,12,7,22,6,18,9,14,1,13,13,29,11,20,25,25,23,4,6,11,13,15,16,8,4,19,17,29,18,9,26,20,2,4,10,25,16,9,7,19,2,16,21,12,19,8,17,14,3,20,6,15,25,18,5,19,9,15,10,5,17,19,13,26,19,11,23,24,25,25,18,20,18,11,12,21,23,2,19,18,16,6,8,23,4,17,67,17,17,30,36,3,4,23,17,6,2,9,16,37,17,8,12,5,3,22,25,8,11,4,12,7,22,20,16,18,16,16,9,15,11,15,11,11,2,2,4,1,4,15,16,17,16,1,9,10,15,16,9,9,15,15,16,13,13,15,15,3,5,14,16,16,4,15,16,15,15,10,15,11,13,1,15,3,15,10,16,2,16,8,3,15,2,15,16,17,5,15,15,15,6,16,15,5,15,11,16,11,4,2,16,4,7,9,5,15,11,15,16,16,1,15,10,5,15,15,3,15,15,6,15,9,15,4,18,15,10,16,2,3,14,15,9,8,7,7,2,8,16,15,12,10,18,8,15,15,16,1,6,4,16,3,16,12,10,16,15,15,4,17,14,5,12,12,7,14,8,17,9,1,4,12,16,18,12,2,18,7,16,16,7,2,16,16,16,16,12,16,2,4,16,16,2,16,1,10,16,16,16,16,10,5,16,16,8,2,16,8,10,3,9,19,16,16,6,18,16,2,5,1,1,1,18,11,16,12,7,17,16,16,16,16,10,8,7,9,16,2,14,16,12,16,2,16,16,16,16,6,10,16,16,16,9,15,16,16,7,16,15,16,20,9,9,7,16,18,9,7,16,16,16,16,1,16,16,1,17,16,16,15,16,16,20,16,9,16,11,6,8,5,18,16,11,11,18,16,3,16,18,16,20,16,6,7,18,16,18,18,16,16,16,15,16,3,3,6,16,4,1,12,16,16,16,16,3,18,16,17,16,16,14,8,8,16,16,6,16,14,16,15,9,7,17,16,9,5,11,8,16,16,15,7,3,1,15,17,15,15,16,2,15,15,8,15,17,15,4,14,15,8,15,3,16,16,15,18,15,13,3,9,5,5,15,17,16,11,16,8,15,9,15,9,5,13,18,8,13,16,9,16,16,11,4,15,15,16,19,20,15,1,3,17,15,11,1,15,4,18,15,12,12,16,3,15,1,15,2,5,4,7,7,12,15,15,1,15,15,16,1,14,14,15,17,17,12,6,3,9,16,11,16,1,18,18,16,7,3,10,16,3,17,18,16,6,16,16,16,16,16,14,18,13,16,15,16,15,6,17,3,15,5,17,9,1,15,17,5,16,14,15,4,7,14,6,7,15,8,15,6,9,15,17,17,1,15,3,3,12,15,7,17,16,2,15,14,21,16,16,16,16,3,15,18,1,16,15,3,4,16,15,5,12,16,2,8,16,15,8,2,3,11,15,5,17,15,18,5,2,3,5,15,12,15,16,16,18,9,10,18,16,16,7,15,16,16,8,4,10,16,16,16,16,13,16,16,13,16,15,5,1,2,10,12,16,11,13,15,17,15,3,2,6,15,15,15,15,15,16,6,1,4,4,3,2,7,9,16,16,16,1,16,16,13,16
1,3,2,2,1,1,5,1,2,3,2,5,2,1,3,5,1,2,5,5,2,3,10,4,2,6,2,2,7,2,3,1,11,3,4,4,7,3,2,2,4,9,1,3,5,4,12,4,3,10,4,1,10,8,6,5,3,7,3,10,4,9,5,1,14,6,6,10,5,10,4,7,12,15,10,11,8,1,12,17,6,10,12,11,8,9,6,7,8,1,1,17,2,12,2,9,14,3,15,12,16,5,13,2,9,8,2,4,10,15,23,12,23,15,8,5,9,11,3,11,5,8,2,7,11,9,15,10,18,10,10,2,2,4,14,8,11,6,3,11,3,14,5,1,12,3,3,5,8,8,9,22,7,12,14,8,14,5,10,5,3,6,5,6,17,12,10,17,7,10,1,7,7,23,17,3,27,8,8,14,21,5,10,11,22,7,11,11,6,40,14,13,5,13,9,17,10,44,20,22,22,12,20,7,20,12,17,12,4,26,13,19,16,18,17,11,6,16,25,26,3,15,16,22,2,15,18,6,8,6,5,12,1,14,13,21,11,10,13,8,8,7,20,24,3,4,12,11,14,6,11,2,8,8,3,14,1,1,14,32,6,16,1,2,17,16,29,4,6,10,13,8,15,25,22,7,5,4,22,14,9,13,7,9,7,30,25,6,17,8,17,21,6,20,18,18,2,2,11,15,11,3,14,4,10,17,18,25,5,25,1,15,9,23,6,8,14,8,15,5,18,1,28,22,12,13,17,18,10,10,3,9,13,5,29,11,23,8,15,7,17,23,2,15,21,19,6,4,29,2,8,8,3,18,6,27,19,19,10,18,12,7,1,17,20,10,11,6,15,19,3,19,7,23,15,4,17,6,16,28,16,8,15,22,12,17,10,2,15,4,6,2,4,12,21,12,18,12,14,2,7,16,5,15,22,1,3,18,2,14,1,16,10,9,2,17,3,8,3,2,6,7,14,3,13,17,18,15,15,23,18,17,15,8,15,15,16,13,2,9,15,16,15,16,5,17,15,15,15,14,1,2,1,11,6,12,15,14,12,7,5,16,4,2,15,15,15,7,17,9,6,3,15,18,6,4,16,15,15,15,17,7,8,15,15,7,8,7,13,15,12,1,4,2,3,4,1,14,5,16,3,15,15,9,10,16,17,3,15,15,15,8,17,13,7,16,7,15,15,9,2,1,15,5,16,1,15,7,14,16,7,4,15,13,6,6,10,16,6,9,16,4,3,18,13,1,3,1,16,2,17,15,15,15,16,6,17,15,5,15,1,16,6,3,16,14,15,2,15,16,16,16,9,16,16,15,7,14,14,13,17,2,7,11,9,15,9,18,16,16,16,15,4,6,10,1,15,17,8,2,15,5,11,15,6,5,9,8,10,13,15,4,15,9,2,15,16,16,15,9,15,11,11,11,16,10,16,6,15,5,6,16,16,3,15,6,17,7,16,19,6,16,15,6,16,15,8,8,7,6,1,13,13,8,18,16,15,8,15,15,15,1,11,1,6,15,18,15,1,15,15,16,16,15,10,7,3,7,15,16,15,2,8,15,17,13,8,15,14,15,15,16,11,14,16,5,2,15,10,1,17,6,7,17,8,17,10,1,15,11,6,15,15,5,15,15,10,14,6,6,14,4,2,8,16,15,15,16,15,2,15,10,15,9,4,13,14,4,17,5,4,7,15,15,3,13,5,3,17,15,4,13,15,13,8,16,15,15,13,16,16,4,15,17,16,8,2,15,15,4,16,2,15,18,1,15,10,16,14,15,17,6,8,3,13,13,17,15,15,4,15,18,9,2,1,6,1,15,7,14,12,9,18,15,15,16,11,9,3,18,17,15,2,13,8,2,15,15,15,15,15,4,17,4,7,15,14,10,5,4,1,10,16,3,4,14,3,16,12,8,18,18,16,11,16,16,16,18,15,2,13,5,16,17,10,3,16,3,12,3,17,17,3,2,21,16,4,2,17,17,17,6,16,11,12,5,15,16,9,1,16,16,17,18,18,4,15,13,16,16,16,14,16,16,10,16,16,5,16,1,16,16,16,10,13,17,13,16,14,18,1,16,16,6,16,4,16,16,16,8,16,16,16,3,10,1,6,9,18,1,3,16,16,16,9,19,5,16,1,16,2,5,17,7,16,16,2,1,12,12,1,5,1,16,16,16,16,9,6,2,16,13,18,2,16,16,11,6,18,18,16,18,16,3,12,16,16,16,16,19,18,13,3,9,16,13,6,15,3,6,14,16,7,15,18,14,6,14,16,18
1,5,1,1,1,4,1,5,3,2,2,7,5,2,6,2,6,3,2,4,2,4,2,4,2,2,11,5,3,6,3,3,2,3,6,3,3,3,5,1,4,6,3,18,16,4,1,4,7,4,5,7,7,5,2,4,2,4,4,3,2,2,9,12,8,3,2,12,12,11,5,6,8,18,10,1,8,13,10,9,10,10,1,3,6,7,4,3,16,5,4,1,4,4,7,3,11,3,7,4,16,16,9,5,17,8,7,2,7,6,33,14,1,10,1,8,11,9,12,8,8,1,6,3,7,8,11,15,2,18,19,4,8,4,13,2,22,7,9,2,5,7,5,8,3,13,13,24,4,5,24,4,2,1,19,8,10,19,15,2,5,6,8,14,15,14,2,35,9,6,6,4,17,14,6,13,5,13,3,13,1,16,4,1,9,11,11,7,16,11,7,6,13,6,8,13,3,6,12,11,5,13,1,4,15,13,16,2,4,3,8,17,8,8,5,14,6,18,10,17,2,20,14,11,5,25,13,6,3,19,8,4,24,13,39,6,13,9,18,2,4,13,9,9,1,15,10,12,6,14,21,5,26,12,17,13,21,1,14,8,28,22,8,6,3,20,23,11,6,2,3,17,13,20,8,14,14,16,18,6,10,15,4,20,20,19,15,19,10,11,1,16,15,5,25,14,2,12,1,8,1,20,19,2,14,16,12,17,19,13,17,18,17,1,9,22,17,17,7,13,20,16,14,15,2,20,20,6,5,17,15,13,2,1,1,2,6,21,19,3,3,12,5,15,23,15,5,5,24,17,19,11,19,3,11,14,12,3,7,3,21,5,11,14,2,1,16,6,25,19,16,5,15,8,13,16,1,1,14,16,3,10,27,3,9,11,17,19,6,13,16,3,16,16,10,3,11,16,10,16,18,16,7,16,16,1,16,9,2,9,5,12,13,16,16,16,8,16,16,6,15,18,16,16,16,1,16,16,9,5,4,13,14,11,8,3,8,15,16,16,13,2,9,9,13,3,8,20,9,13,6,16,16,6,17,16,8,6,7,5,12,16,16,16,16,16,8,16,16,1,1,13,11,9,16,16,16,16,16,10,5,4,16,18,17,17,9,3,3,14,16,16,16,12,12,1,10,10,10,16,4,1,16,1,2,17,16,16,16,16,16,9,5,16,2,4,16,9,16,2,16,16,16,1,8,16,16,16,3,4,16,1,18,3,16,10,16,3,18,9,14,10,9,16,1,16,13,16,16,1,16,14,13,18,18,16,6,16,16,16,13,11,16,16,16,16,14,8,6,16,1,2,4,16,16,20,7,16,2,15,16,16,6,9,9,16,16,16,9,14,18,16,6,8,2,8,2,16,3,2,16,3,2,13,16,16,16,9,7,9,16,12,7,11,5,13,13,2,15,10,15,18,4,11,5,15,6,11,16,4,6,15,15,11,15,15,16,15,15,13,7,1,15,13,15,5,7,5,17,2,15,4,4,16,9,9,3,15,2,15,15,15,10,8,19,17,1,17,11,17,16,15,9,15,1,18,1,15,18,18,15,15,18,17,16,9,9,5,16,3,5,18,3,5,6,7,13,15,14,15,11,15,16,15,16,6,17,6,16,2,16,5,15,16,15,3,15,12,14,11,1,17,15,15,10,6,17,3,7,18,18,15,1,3,6,16,15,18,15,4,15,19,14,16,16,18,15,16,16,18,16,16,15,4,15,16,17,6,5,4,17,15,15,16,12,14,12,6,11,15,10,13,14,11,16,5,3,5,4,15,16,16,15,20,16,11,1,16,8,15,15,16,15,5,2,15,18,16,1,15,18,14,15,15,9,4,15,15,15,6,16,4,16,14,15,16,15,1,8,15,15,16,9,14,1,16,16,17,15,16,16,15,15,15,15,14,9,7,4,2,15,16,16,9,17,15,15,4,2,4,4,9,8,22,16,15,17,15,15,2,5,17,15,15,16,15,15,10,15,15,14,14,16,15,17,6,1,2,16,15,16,3,6,7,16,16,16,15,18,15,15,15,11,16,7,16,11,15,7,16,15,15,4,15,12,11,12,3,17,16,6,15,15,15,14,3,5,16,5,16,12,16,16,1,3,16,10,16,1,16,16,16,9,4,16,1,2,2,7,15,4,16,7,16,16,9,16,16,16,16,16,16,16,8,4,16,10,16,10,16,16,9,16,16,16,14,2,11,3,16,7,16,15,16,15,14,15,2,10,8,16,11,15,7,4,11,14,11,15,7,17,17,15,10,16,17,15,16,14,15
