1,1,2,2,2,1,1,2,1,2,3,2,3,2,2,2,2,4,3,2,2,2,3,4,1,5,8,6,2,4,5,3,3,2,3,3,3,5,5,4,10,8,4,4,6,4,5,7,8,7,10,6,19,7,2,2,4,1,5,4,3,3,6,1,3,6,6,4,3,4,9,9,4,9,4,21,10,33,16,7,3,8,7,12,4,22,18,1,32,23,1,16,3,3,7,1,6,7,13,11,5,7,2,1,19,6,5,3,6,4,5,1,5,2,21,4,2,15,7,4,16,5,5,9,2,5,7,5,5,6,4,3,15,1,6,5,6,1,6,8,10,11,9,2,6,11,21,6,7,7,11,7,7,9,10,1,8,7,8,10,9,14,5,13,11,11,17,19,8,14,3,12,2,11,5,8,4,21,1,1,1,7,4,12,1,4,15,2,25,1,8,3,12,4,3,25,24,16,17,20,5,7,4,12,9,2,19,13,3,2,21,10,10,10,4,2,7,8,6,25,1,6,4,2,2,12,3,12,12,12,10,11,3,5,3,16,10,2,7,16,9,3,3,1,11,17,4,20,2,11,4,7,4,8,1,2,4,6,11,38,14,15,17,17,10,5,3,10,5,4,7,40,6,9,22,6,1,14,7,11,15,11,12,5,10,1,5,6,2,13,10,5,21,55,6,5,27,3,3,13,7,16,4,17,29,5,9,4,12,1,21,10,7,22,16,23,12,9,17,20,1,10,4,32,20,19,6,20,15,4,9,14,3,4,19,1,10,12,2,5,8,5,11,11,1,4,29,11,6,14,11,3,17,6,13,19,1,16,15,25,4,2,6,2,11,35,12,5,11,14,21,22,14,2,2,17,24,2,1,41,2,21,19,25,45,32,1,1,25,16,6,31,4,22,1,25,2,7,23,11,2,11,30,5,5,28,33,36,2,26,2,9,11,29,4,5,10,12,11,15,6,13,8,10,15,15,5,11,13,7,16,5,12,9,12,43,10,16,17,3,14,11,17,11,15,3,4,14,1,17,15,6,2,15,17,4,11,17,1,9,13,4,5,6,16,16,1,2,9,18,6,2,10,13,6,15,12,21,1,4,4,15,4,3,9,14,6,4,12,19,8,2,11,1,8,5,26,11,6,10,18,6,6,1,17,11,21,10,16,6,7,13,17,8,4,1,6,4,5,20,10,15,22,2,23,17,4,17,28,11,12,10,5,6,15,18,5,3,17,18,32,16,13,5,14,1,6,2,14,7,15,15,14,1,1,2,11,3,6,14,9,5,8,11,15,8,5,36,19,9,23,9,3,31,2,8,13,15,22,9,7,9,41,1,8,9,17,10,12,5,30,6,10,9,8,4,3,22,9,9,22,11,2,13,16,3,13,3,9,3,23,18,9,25,14,15,2,14,15,4,18,5,3,5,4,22,5,30,17,17,19,23,9,26,7,8,15,18,16,16,18,10,5,3,3,16,16,8,9,3,9,1,1,9,3,8,26,3,4,6,18,14,4,2,2,7,49,11,20,4,5,22,17,6,15,4,2,1,9,17,15,26,18,3,1,21,5,3,1,20,3,19,5,3,24,21,5,20,15,9,37,22,1,2,18,17,20,3,38,8,12,16,5,3,14,10,8,17,8,1,40,9,4,12,15,13,7,6,3,19,32,29,5,16,21,20,18,1,4,11,17,29,24,7,1,2,50,8,10,15,8,28,14,14,2,6,1,24,7,45,3,25,8,46,13,9,5,4,1,7,16,31,1,3,18,1,1,1,25,32,15,22,19,13,2,35,22,40,14,40,1,6,14,17,15,2,1,23,12,4,17,47,14,6,23,1,8,32,27,9,16,8,2,30,9,4,1,14,35,27,4,25,3,19,10,5,10,21,20,18,19,27,19,19,6,6,21,1,19,5,7,10,8,14,4,29,3,6,6,19,5,11,17,3,21,19,15,8,10,22,6,15,12,21,7,4,19,19,19,21,7,30,12,9,11,5,19,18,7,4,21,8,19,6,12,15,2,19,5,3,25,2,12,15,8,12,13,20,2,8,12,17,7,18,2,14,16,18,11,13,17,2,6,5,18,1,8,18,1,2,8,7,18,3,14,18,17,18,2,10,18,18,10,6,1,3,17,14,4,18,20,17,5,18,11,12,18,6,15,5,1,10,1,2,8,4,11,16,18,3,19,14,19,21,5,1,18,9,6,3,13,8,4,1,18,18,1,7,18,18,20,18,18,2,8,16,18,18,12,13,5,18,2,18,12,3,18,4,4,22
1,1,1,1,4,2,2,2,2,1,5,5,2,2,3,2,2,2,2,4,3,3,5,3,2,3,4,2,2,4,2,3,7,6,1,6,5,11,8,7,6,4,1,14,2,12,4,8,6,5,3,3,5,7,3,5,4,5,1,5,4,1,5,2,7,9,7,8,6,10,6,6,6,10,5,11,11,3,10,4,6,4,5,2,8,8,4,4,1,7,6,5,5,7,7,5,5,5,7,7,7,8,21,15,1,2,7,5,21,12,6,1,11,1,4,5,13,4,2,10,12,10,23,6,1,7,10,12,11,6,15,6,9,8,8,9,5,13,1,12,18,8,11,4,7,8,7,3,7,3,8,2,5,1,26,9,10,8,9,7,8,13,7,7,5,8,6,2,7,1,34,8,4,21,12,11,6,17,9,9,13,10,1,12,6,9,4,6,33,1,3,14,10,3,23,20,13,1,73,23,19,5,11,18,10,4,4,8,7,3,3,26,5,3,42,22,3,9,7,7,40,2,26,10,5,12,33,2,6,1,7,4,4,8,3,3,10,1,16,51,21,15,7,3,1,16,3,14,10,1,13,11,11,11,15,12,1,7,2,5,14,2,4,6,21,16,10,9,26,44,1,4,4,7,3,11,10,3,2,13,3,5,11,23,16,11,9,8,42,6,15,4,5,11,5,1,11,4,56,7,11,12,10,6,3,8,15,5,12,4,14,9,25,36,11,10,10,1,10,10,12,10,10,11,16,13,14,11,11,15,6,12,16,11,2,5,6,14,7,12,31,1,2,17,1,4,16,11,19,6,3,7,6,9,15,9,21,13,6,5,28,13,3,13,12,3,10,21,16,1,16,3,17,1,6,39,13,15,18,12,15,13,14,4,4,9,2,19,5,3,16,22,12,6,42,3,26,5,16,1,9,5,3,3,8,34,13,5,1,3,34,2,1,7,2,6,21,10,7,36,2,3,4,24,4,6,15,5,14,17,21,14,21,5,18,14,12,2,4,1,31,21,10,1,4,8,16,23,16,17,16,18,16,1,14,14,10,7,2,1,11,5,2,3,14,17,8,6,3,20,5,23,9,7,34,1,16,5,39,17,5,22,2,24,9,5,3,7,3,14,21,29,5,18,6,7,24,3,2,2,22,10,17,18,30,4,11,11,7,24,8,2,21,5,3,2,2,7,20,8,14,7,14,10,11,21,3,1,10,3,11,9,17,13,14,1,23,14,3,16,13,16,8,13,17,17,9,14,4,10,1,3,4,6,20,7,7,6,36,1,18,9,3,16,6,1,12,42,6,29,15,2,1,2,15,17,12,20,26,17,20,3,7,16,8,3,8,18,11,19,2,2,8,1,1,11,1,25,10,15,9,15,15,15,3,11,16,18,4,15,17,5,16,8,16,6,20,16,18,16,16,16,14,2,1,10,6,6,3,5,11,1,8,18,16,18,11,3,16,18,2,20,16,7,5,9,13,18,7,16,8,8,4,1,8,22,2,3,4,9,2,19,16,3,16,8,2,16,6,18,18,2,10,3,13,18,16,3,1,1,1,16,16,2,2,17,18,4,5,16,16,16,2,4,16,8,16,9,18,11,3,18,17,11,11,2,16,18,7,5,16,8,16,8,10,1,6,14,10,4,1,4,18,4,2,16,7,16,4,3,16,16,4,16,18,7,17,4,16,16,18,16,2,3,16,1,21,16,5,16,18,7,16,6,16,5,8,5,10,18,5,18,12,14,1,4,18,11,18,7,16,16,3,19,10,16,16,19,5,16,1,16,16,2,16,2,2,16,13,10,6,6,10,1,16,16,2,13,11,8,4,16,18,10,2,18,16,1,16,18,2,2,16,14,15,16,2,4,4,5,4,5,1,18,16,1,3,5,16,16,16,20,6,11,16,7,16,4,16,16,15,1,2,10,2,7,18,18,16,16,16,16,15,4,3,16,6,16,7,5,16,4,7,15,12,3,3,19,8,18,6,17,2,1,11,15,17,14,7,17,17,13,4,10,6,17,2,15,11,19,3,4,6,11,17,7,7,8,3,8,5,10,19,3,13,8,2,13,1,15,2,10,53,17,17,17,17,16,19,1,15,12,10,1,7,13,17,6,17,17,19,4,5,17,1,19,17,2,17,5,2,17,2,12,3,5,17,19,17,19,17,17,19,6,14,19,17,17,17,4,17,17,17,17,9,17,17,23,17,3,14,15,17,17,17,11,12,5,4,12,11,17,5,6,17,9,2,1,17,17,9,17,16,10,8,10,8,16,1,6
2,1,1,1,2,2,1,2,2,1,4,2,2,2,2,2,1,3,2,4,9,2,2,2,4,3,3,2,2,3,3,1,3,5,3,3,6,3,9,4,3,2,5,2,3,3,4,6,8,5,4,4,26,3,2,3,2,15,11,5,3,7,6,18,1,7,8,6,9,6,9,9,8,9,7,2,6,3,3,6,5,2,6,5,2,3,7,6,9,8,9,5,8,6,5,28,13,18,30,8,6,2,3,4,3,9,14,8,6,5,6,6,9,12,13,11,14,7,10,10,2,2,15,2,30,6,8,12,10,6,9,7,6,8,14,9,11,8,7,3,7,17,2,7,1,18,8,14,8,11,7,19,5,7,1,9,8,8,1,7,2,7,9,4,20,1,3,12,8,9,4,4,8,11,5,12,12,10,9,11,11,10,11,5,3,2,1,3,22,4,11,9,9,4,8,1,11,8,3,4,1,9,33,2,11,4,23,3,8,8,9,13,15,9,24,10,13,9,1,9,10,11,12,2,1,10,10,12,12,5,13,12,14,17,14,13,4,4,2,16,1,13,6,12,12,10,6,13,13,7,3,21,11,12,2,1,16,6,7,4,7,22,9,10,3,13,14,14,14,16,7,14,7,17,15,15,15,3,3,15,7,18,16,5,18,9,6,2,20,1,17,15,17,8,9,17,11,8,17,15,17,17,2,4,3,13,6,26,24,3,10,22,10,12,6,2,23,31,6,16,15,8,5,2,10,34,5,3,3,8,2,13,1,23,15,1,17,33,8,5,15,4,25,11,29,8,19,13,14,10,3,4,12,5,25,31,2,5,10,10,9,8,4,7,32,14,10,11,2,17,8,3,8,20,33,2,1,17,8,2,3,4,6,8,32,10,13,3,12,13,13,13,11,11,11,17,11,14,1,11,6,4,1,12,1,8,1,14,12,6,21,16,5,3,11,7,3,8,18,8,3,2,2,31,12,19,4,3,12,22,14,14,4,2,2,16,10,16,13,14,5,5,18,11,15,8,4,2,4,18,21,35,7,5,3,7,13,24,5,3,15,15,3,28,11,11,6,32,13,12,4,10,1,4,10,66,14,5,10,3,28,3,3,3,33,4,19,2,2,14,2,2,11,13,5,34,4,1,5,1,2,20,4,14,3,11,13,17,6,52,6,12,3,9,13,7,19,1,56,18,20,4,9,20,12,17,18,7,2,33,4,3,18,10,17,2,12,12,1,19,16,12,5,1,6,19,4,3,1,8,10,37,22,5,11,3,5,5,24,8,18,10,5,2,18,3,13,24,2,2,6,1,9,17,6,3,20,24,7,1,10,45,6,10,20,12,15,12,26,13,5,6,7,3,18,12,5,12,6,1,11,35,20,2,14,18,3,4,3,6,26,4,3,6,3,2,27,2,15,6,3,5,16,12,29,3,3,23,12,21,3,1,8,4,2,4,53,22,5,9,7,5,5,6,22,5,23,19,5,5,18,1,8,16,14,7,25,4,8,14,7,17,10,7,8,4,7,1,12,9,6,2,7,3,22,36,7,12,28,1,8,8,3,6,25,24,15,8,15,41,10,53,19,13,21,2,4,7,4,18,1,11,17,21,10,17,21,5,2,6,60,10,17,9,5,21,23,13,10,16,32,7,1,1,1,5,36,6,12,12,13,7,3,6,1,23,9,7,4,19,2,28,12,9,2,43,17,17,14,11,17,2,19,1,17,6,12,18,17,16,17,16,5,4,6,12,6,14,18,4,9,16,4,19,4,14,12,15,17,12,11,9,16,18,1,12,16,5,17,15,3,1,16,5,16,16,16,16,16,5,10,1,14,16,10,11,5,15,16,16,15,10,8,16,1,16,6,4,9,4,6,18,6,14,5,3,7,19,16,12,2,1,16,18,11,1,1,6,18,9,9,14,16,4,16,8,5,10,12,9,16,16,16,7,1,1,4,9,16,3,2,9,11,1,14,16,17,16,5,2,15,2,10,4,18,1,7,12,16,1,7,16,16,5,1,16,16,13,16,16,1,16,1,10,10,6,16,9,7,18,4,9,19,7,4,4,16,14,16,3,7,2,15,16,14,16,16,6,10,11,19,16,7,11,3,10,15,18,2,16,16,4,22,18,16,16,15,16,6,6,3,18,5,10,1,17,16,16,10,9,16,16,4,16,18,16,18,18,16,9,16,12,6,16,14,1,9,13,4,3,15,16,16,18,16,16,1,7,3,16,16,19,7,12,4,10,13,16,1,13,16,16,5,5,16,4,2,16,14,10
2,2,1,2,1,3,1,4,1,2,1,2,2,2,3,5,2,4,2,2,3,2,2,7,2,3,3,3,5,2,3,3,12,3,3,3,4,5,3,6,7,5,9,6,5,5,6,25,13,1,3,5,6,6,5,10,5,8,6,8,2,5,9,4,3,5,4,3,9,5,4,6,1,4,9,3,23,10,6,10,3,19,9,6,5,10,2,5,16,26,14,4,8,3,18,3,3,4,3,8,1,7,6,6,1,6,6,4,14,17,8,5,3,7,11,2,3,14,10,4,9,12,4,2,5,5,8,5,3,16,10,8,10,8,5,11,2,7,18,14,4,13,3,15,8,6,6,8,8,8,2,9,11,9,7,4,2,7,11,3,8,4,5,7,7,11,8,6,30,4,19,9,10,8,12,16,12,11,4,15,17,17,5,18,13,10,3,4,10,13,1,1,3,34,19,12,6,17,12,1,11,12,7,9,20,2,8,12,3,9,29,10,7,17,14,4,3,9,11,7,10,4,9,9,9,2,15,6,29,13,20,2,12,2,4,8,16,13,18,7,2,9,9,17,5,17,9,1,11,5,5,10,4,4,7,13,3,4,14,12,14,11,4,12,1,11,1,12,14,11,11,12,17,4,13,14,19,12,12,13,4,13,25,11,2,3,5,1,20,10,3,35,16,12,3,2,18,12,15,16,22,13,6,5,28,2,4,21,1,12,1,11,13,18,15,2,24,10,6,3,9,40,14,5,1,14,16,14,2,20,8,21,6,3,17,20,17,18,10,15,3,6,5,4,13,10,8,1,12,4,12,10,7,4,14,12,13,2,18,15,11,11,11,11,15,15,5,14,6,5,1,4,4,4,3,29,4,9,9,17,4,3,1,32,6,20,3,15,3,4,15,5,2,17,9,12,22,12,13,18,3,3,14,14,17,8,26,3,2,16,15,10,14,15,5,7,18,16,1,11,19,12,14,8,12,8,17,7,10,7,6,30,13,3,18,43,19,18,5,15,32,12,6,23,12,16,17,11,4,1,12,18,5,21,12,3,5,13,20,4,4,10,17,8,15,3,12,15,10,20,16,7,4,13,29,8,6,13,26,18,15,12,8,15,13,21,10,14,15,15,4,12,5,9,5,1,24,24,17,15,13,22,15,15,2,2,16,13,7,2,17,4,15,15,4,2,8,1,17,17,3,22,3,3,10,11,2,10,10,16,16,1,4,16,5,16,6,5,16,3,2,1,1,4,16,16,16,12,7,18,5,18,2,4,5,5,7,5,16,8,3,16,12,18,5,1,20,18,16,19,11,16,18,18,13,1,9,16,4,11,18,3,4,3,16,16,17,18,9,16,18,4,6,2,16,1,1,16,16,16,5,1,8,10,19,11,16,11,12,16,1,12,13,9,10,7,8,1,1,10,4,7,1,7,10,8,15,16,3,12,14,16,16,16,2,16,15,6,12,12,11,13,9,16,5,16,16,2,17,6,18,10,18,8,11,18,6,2,16,16,9,14,16,4,13,7,10,6,16,16,1,2,13,18,16,16,2,5,1,18,5,1,9,4,14,9,11,12,5,14,18,5,10,4,18,15,4,7,18,17,3,16,16,16,16,16,10,9,5,16,14,1,1,5,1,9,16,16,9,20,2,5,5,18,4,18,16,3,4,7,20,16,9,16,16,1,1,10,4,18,16,5,16,16,1,2,7,7,16,8,2,5,3,18,16,16,5,8,3,5,13,16,9,10,2,2,16,16,18,4,10,8,16,9,13,2,6,11,18,5,6,16,16,16,16,16,2,13,16,4,19,6,14,7,15,15,11,1,4,4,15,14,4,14,14,5,15,13,4,17,14,15,6,15,16,15,14,15,15,15,15,4,15,15,15,8,7,15,1,3,2,13,3,5,9,15,13,15,4,12,4,1,15,3,1,13,18,5,6,8,13,15,17,15,15,15,15,9,15,15,13,16,15,2,9,15,13,8,17,15,6,3,13,15,5,10,15,3,9,4,3,10,4,15,2,15,4,10,7,16,15,14,11,6,15,15,15,7,8,16,15,14,15,15,15,1,15,5,15,7,6,2,15,3,15,6,16,3,22,4,15,15,1,15,1,15,12,15,11,15,1,15,13,10,3,4,15,15,8,8,15,15,11,15,15,1,5,6,2,11,3,1,15,15,2,8,27,17,15,4,15,14,15,17,6,15,15,9,3,19,12,1,15,1,5,1,2,11,1,13,9,10,2,5,15,9,11,15,15,17,15,17,16,15,2,15,3,3,6,5
1,1,1,2,2,2,2,1,3,2,2,1,1,5,2,3,2,4,3,3,2,1,6,5,3,2,6,5,3,3,2,6,2,6,9,6,3,1,3,7,5,3,5,8,3,9,5,5,15,4,4,3,2,4,6,5,7,22,10,10,10,4,6,3,21,21,5,4,3,4,10,3,7,5,22,6,3,5,5,8,7,8,4,7,1,9,2,18,6,1,5,5,6,5,8,8,6,9,6,7,7,5,2,7,5,11,6,10,9,9,10,12,8,7,11,7,13,5,12,9,13,5,8,8,14,11,23,14,8,11,3,10,10,25,23,8,2,13,1,7,5,11,10,9,11,11,3,8,1,8,6,7,11,16,9,2,2,1,9,4,3,7,1,13,3,7,6,1,3,1,6,4,9,4,1,14,9,10,6,29,5,7,6,8,12,6,12,1,6,9,2,5,2,10,6,6,1,7,9,7,9,7,9,4,7,4,9,23,3,6,2,18,18,4,10,11,30,4,11,9,5,12,5,8,9,19,8,8,16,12,1,13,9,9,11,1,4,14,48,2,32,10,5,5,8,23,3,7,7,18,19,16,2,4,15,16,2,5,12,1,4,3,29,5,3,5,14,2,2,11,13,12,3,5,14,5,22,15,2,20,16,3,11,7,4,19,15,10,6,12,9,12,1,14,29,11,2,13,10,13,12,13,1,11,15,5,9,23,2,9,10,13,22,4,14,12,27,18,6,14,15,7,10,3,3,25,19,3,20,16,11,11,20,1,15,6,6,29,6,9,3,4,4,8,2,14,3,29,1,13,13,2,6,8,12,3,2,5,18,14,1,3,2,15,15,25,15,13,16,1,14,13,1,4,13,4,6,2,5,13,15,15,5,11,14,17,2,21,19,18,23,9,8,1,3,38,29,3,7,11,7,6,16,6,17,10,5,22,10,25,4,15,9,12,1,6,28,5,19,14,12,5,2,4,2,15,8,5,4,17,62,14,18,11,30,51,4,39,40,25,3,19,25,3,13,12,2,18,11,1,6,20,14,19,1,16,14,17,33,6,8,22,5,28,18,5,16,12,18,10,16,10,9,3,20,13,13,10,11,2,27,5,13,34,14,7,17,2,29,5,15,11,14,15,1,17,18,8,6,7,16,5,7,25,25,14,2,5,23,6,3,3,1,6,7,2,6,21,14,21,23,19,5,30,17,12,17,1,10,22,26,5,6,2,11,1,8,2,19,11,8,18,5,17,20,14,21,29,2,8,11,3,14,27,10,13,2,14,7,23,11,11,15,3,18,6,3,20,13,3,14,14,9,16,17,18,3,3,1,10,9,16,7,1,16,15,13,11,1,3,11,8,30,15,2,5,16,16,14,10,5,6,1,14,19,12,8,23,24,1,8,17,5,8,1,2,1,7,15,18,7,12,1,1,2,8,1,11,22,10,18,8,3,12,3,4,30,33,15,13,2,19,27,10,4,7,26,3,2,4,20,3,12,22,7,7,2,6,15,37,26,20,20,21,1,6,15,1,6,28,1,26,3,1,6,9,24,4,8,9,4,18,1,1,12,3,5,9,12,15,28,15,1,15,38,12,1,23,3,14,24,4,30,22,12,20,20,12,32,27,12,20,20,15,4,26,20,39,8,23,3,14,33,21,17,1,12,20,18,11,19,6,3,6,23,19,4,11,21,20,13,20,11,10,32,31,9,21,22,7,10,2,25,8,1,13,35,8,13,11,17,10,13,47,14,14,9,16,12,1,10,10,13,7,11,22,15,4,2,7,20,18,4,16,16,4,20,16,13,11,16,1,1,20,16,11,16,2,23,16,10,8,11,2,8,2,8,9,14,3,3,2,2,15,16,18,16,9,14,20,18,19,7,4,11,7,6,17,48,13,32,5,8,4,6,18,14,14,3,21,3,4,35,4,13,17,3,7,4,15,21,9,21,3,12,6,9,21,13,21,23,23,3,7,12,23,15,12,3,21,8,8,4,25,8,1,6,20,3,19,23,6,5,3,29,25,8,12,9,12,2,26,24,12,21,23,5,2,3,21,4,25,14,5,21,8,11,3,51,23,2,6,18,5,8,4,32,19,21,2,6,5,22,3,20,9,20,20,25,20,1,10,8,20,15,18,17,20,10,17,20,3,21,9,20,5,24,2,4,2,11,11,1,22,21,20,2,20,24,16,2,1,1,20,20,1,20,2,16,16,13,23,17,4,2,4,10,7,12,20,13,11,7,2,5,7,2,12,10,22,20,20,22,6,18,6,20,8,4,22
2,2,1,2,2,1,1,2,2,2,4,2,1,1,1,4,5,3,3,2,2,2,9,2,4,2,1,3,4,9,3,2,3,2,3,3,3,3,4,3,3,3,5,5,1,7,4,5,6,7,12,9,4,20,5,4,5,6,4,2,5,4,3,2,1,5,5,3,11,4,4,6,5,4,4,4,9,1,1,5,6,7,8,8,1,5,6,5,11,8,6,6,11,3,10,6,8,3,14,2,13,8,1,6,24,5,5,5,9,8,3,15,1,4,9,6,6,11,12,9,5,3,11,6,6,7,5,1,12,9,7,8,15,10,8,8,11,1,11,12,5,9,8,11,7,14,15,6,4,41,24,22,1,13,13,10,11,1,18,35,8,6,4,10,16,1,2,8,3,5,2,12,8,10,9,10,4,10,4,12,2,14,7,1,7,35,2,22,2,10,5,10,3,12,9,11,11,1,7,12,2,2,25,5,15,1,6,1,19,10,5,21,14,18,26,44,3,42,38,4,4,10,14,10,4,21,21,10,16,11,1,3,5,12,1,13,3,18,2,12,6,14,5,3,18,10,7,32,3,14,8,10,43,5,26,17,17,3,1,7,14,11,13,3,4,9,46,3,10,3,7,7,10,22,10,11,20,8,43,4,1,7,1,16,3,6,8,23,4,50,4,36,2,3,20,2,21,5,6,16,1,4,21,5,4,10,38,25,8,14,1,3,12,25,23,31,5,10,23,5,19,19,6,3,7,16,2,19,3,4,15,5,24,9,11,20,5,7,16,11,8,50,3,5,3,6,12,15,14,5,7,5,5,16,19,5,29,12,4,18,13,13,10,14,11,10,11,9,12,11,5,14,16,8,10,4,5,13,3,6,1,22,3,17,22,10,12,3,29,4,5,13,3,6,5,11,13,5,14,10,1,15,20,7,10,16,5,9,11,2,12,9,10,18,3,12,3,13,7,8,10,7,24,3,7,3,24,3,6,1,14,14,19,11,16,17,5,7,20,4,28,16,27,11,14,18,2,2,14,6,4,11,7,41,9,16,2,9,1,12,11,14,9,5,10,20,2,14,4,12,4,11,6,3,13,14,15,5,2,13,19,15,17,3,7,14,20,1,2,16,7,14,23,12,20,2,15,22,16,20,3,10,4,12,10,3,21,2,13,16,6,22,7,4,4,14,30,14,4,12,8,7,19,7,13,2,26,4,21,15,11,15,21,12,11,13,3,12,15,17,7,3,9,19,32,1,1,17,3,18,1,2,2,41,3,1,11,9,3,5,4,16,14,3,2,25,4,4,2,29,2,17,63,15,17,5,1,31,34,11,28,5,9,20,7,15,23,19,16,10,25,17,28,4,4,10,5,44,2,12,8,19,10,3,1,19,3,25,2,3,3,7,27,2,25,5,18,3,19,10,1,25,1,14,24,9,17,14,35,17,5,19,4,20,1,3,19,21,11,2,12,33,9,12,20,19,26,20,6,21,15,13,22,22,8,37,3,20,7,29,9,11,18,14,7,25,19,36,11,49,4,4,8,22,35,35,25,5,19,1,1,15,23,9,5,7,19,6,8,11,8,11,9,13,6,4,19,21,8,12,8,11,15,35,2,8,9,6,18,1,20,13,9,59,17,25,11,21,2,1,12,14,30,42,14,6,17,8,5,2,3,16,7,5,10,11,25,14,7,10,2,12,3,4,18,15,1,18,10,17,24,16,2,7,21,5,8,7,17,16,6,21,8,2,8,23,3,10,17,10,5,2,21,4,5,1,6,47,4,21,22,20,10,4,22,9,10,8,26,6,4,19,11,2,19,17,17,14,26,2,4,25,16,17,16,5,13,16,18,16,2,6,4,8,16,9,16,16,13,13,8,9,15,10,5,4,11,16,16,5,4,18,16,3,8,16,8,16,5,1,16,16,6,10,7,11,18,16,5,18,16,4,13,12,16,3,3,2,11,10,7,16,19,4,16,16,9,9,53,6,8,5,16,4,16,2,2,4,16,16,9,18,8,8,16,10,13,18,16,7,6,16,18,9,16,1,16,9,3,16,7,13,3,11,1,2,22,15,8,16,16,1,16,11,16,16,10,1,19,12,10,16,18,6,6,20,9,3,18,16,16,1,18,2,16,16,10,16,14,16,11,10,7,16,1,2,1,16,16,16,14,7,16,16,13,10,16,3,5,7,13,3,12,16,6,18,25,17,16,16,17,11,9,1,4,12,10,16,6,18,13,5,19,18,6,5,13,13,13,3,16,9,14,6,6,13,5,4,3,16
1,2,2,2,1,1,2,2,1,2,3,3,8,2,1,5,3,4,2,1,4,2,3,3,2,6,3,2,2,2,6,3,4,5,3,3,8,4,1,10,1,6,6,4,8,1,2,3,2,5,5,1,3,3,4,3,4,2,4,5,9,7,4,5,4,1,8,5,10,7,5,2,7,10,3,5,5,6,6,3,13,5,9,6,7,5,22,2,2,5,18,18,17,13,4,14,14,9,10,7,11,7,3,13,10,8,2,7,17,8,8,4,4,1,4,5,6,6,5,1,9,8,5,12,6,3,13,6,8,4,16,10,12,6,9,6,18,5,6,12,3,24,13,2,8,4,10,1,15,5,12,6,23,21,3,11,3,7,16,11,2,11,1,6,2,13,12,8,2,12,24,8,4,16,9,14,9,5,13,18,14,3,6,4,11,15,3,9,31,37,12,9,11,2,5,10,13,8,7,19,7,15,14,3,12,11,10,7,15,2,1,12,1,8,18,7,3,10,9,7,4,23,7,18,14,22,17,23,11,12,7,1,32,1,22,19,15,2,13,2,10,6,19,4,8,6,20,10,7,1,9,14,8,12,3,3,18,4,7,21,11,7,13,12,12,1,12,13,10,6,14,13,6,6,4,16,16,11,10,6,2,6,5,19,11,2,4,1,19,3,26,15,1,7,1,18,19,2,13,13,14,1,12,16,2,9,10,21,9,10,5,9,12,13,9,3,4,3,6,6,9,9,6,4,9,3,1,12,8,12,13,11,11,10,12,9,2,3,1,5,1,1,4,7,10,27,3,7,21,13,7,1,25,16,16,2,43,30,16,11,2,10,3,10,13,3,1,10,2,6,4,7,8,25,6,18,8,7,18,12,3,10,3,3,25,13,6,35,11,9,4,15,1,8,3,3,4,18,13,4,6,18,14,7,11,2,3,1,2,37,16,5,29,3,4,26,17,11,10,2,20,10,29,14,12,4,14,16,29,25,12,6,8,6,21,17,16,4,35,17,14,14,1,4,8,24,14,15,9,19,8,1,4,3,4,37,9,6,13,17,14,14,5,7,16,14,15,2,11,14,14,26,11,3,35,17,8,48,6,17,3,14,10,24,17,6,2,34,3,21,22,13,10,18,35,30,11,8,20,5,10,19,14,8,11,16,8,28,22,7,3,3,2,25,4,15,2,24,16,17,6,1,9,6,7,16,43,15,16,11,4,12,15,9,23,2,21,10,3,3,5,10,4,18,2,20,17,13,7,18,4,4,5,2,24,3,9,2,11,41,6,1,2,48,2,1,18,9,13,18,4,7,11,24,5,8,4,16,23,4,29,14,12,6,1,11,1,6,3,9,26,3,29,19,21,8,13,1,5,7,21,18,2,9,15,12,11,9,1,12,20,11,4,21,7,1,3,13,3,5,9,10,13,11,30,11,14,16,15,16,3,2,7,18,7,16,7,9,5,46,7,25,5,1,4,7,16,12,5,1,15,1,29,2,20,18,16,14,24,3,22,31,8,2,33,21,17,9,3,10,5,18,7,4,16,15,20,18,12,7,14,3,5,17,21,14,25,14,14,1,9,11,3,3,4,8,31,14,16,6,21,5,8,25,6,2,25,21,4,4,7,10,4,12,9,2,5,4,14,6,17,25,11,19,9,4,4,5,14,9,20,26,1,12,36,6,4,3,26,6,4,36,3,3,5,35,16,12,22,16,17,6,24,2,28,2,1,19,7,12,13,3,28,1,2,14,53,6,3,4,18,9,55,3,26,19,14,31,24,22,6,5,2,11,3,20,21,3,22,7,21,5,12,8,9,31,23,16,4,29,14,13,20,10,23,29,9,27,16,1,2,14,2,3,7,4,10,5,1,13,23,17,5,23,8,16,6,9,8,3,30,8,23,15,16,15,2,27,19,39,8,10,11,2,5,8,10,3,9,9,9,2,19,10,6,14,5,22,2,19,14,20,12,6,8,22,11,21,18,6,11,2,1,18,17,11,2,5,1,1,12,17,19,7,7,1,20,4,4,3,16,18,16,15,5,10,16,8,16,3,9,18,2,18,16,7,10,6,12,8,22,2,9,10,18,18,4,16,16,16,16,3,14,16,15,18,1,8,4,16,3,18,2,1,9,16,16,4,6,12,13,16,4,1,16,16,3,13,18,6,2,12,11,5,18,16,16,16,16,18,18,16,10,3,16,7,3,5,18,3,15,16,2,4,3,16,8,13,16,5,19,4,5,12,8,6,1,1,16,18,3,11,18,16,6,16,3,16,3,18
1,2,1,2,1,2,1,3,2,1,2,4,2,3,2,2,3,3,7,2,2,2,6,3,1,2,5,2,10,3,3,6,1,3,3,9,6,6,3,5,7,8,7,1,6,1,10,9,12,5,5,14,4,1,6,7,12,9,5,11,3,3,1,4,3,10,3,6,3,7,5,2,27,15,4,12,6,18,6,4,7,4,5,3,7,6,5,4,8,16,11,7,5,6,1,12,7,7,7,3,7,4,5,1,11,2,7,6,8,6,4,3,15,8,6,7,4,21,9,4,6,18,5,5,1,2,10,5,4,12,8,4,9,6,13,8,9,7,6,7,8,10,4,15,11,12,4,22,7,17,10,9,52,19,14,11,3,3,26,5,19,10,2,8,9,14,8,11,5,8,8,2,17,10,10,12,8,11,12,14,2,9,1,14,3,13,27,8,30,8,10,12,4,11,2,21,12,12,4,8,12,16,10,1,3,9,16,13,25,16,8,3,24,1,28,3,5,13,10,4,8,11,11,18,5,4,2,20,13,10,11,7,19,9,32,11,30,5,5,11,8,6,18,17,6,10,5,18,29,4,43,24,10,13,2,13,3,13,1,10,2,14,3,11,3,5,8,4,16,3,8,2,4,10,8,9,13,11,6,13,5,5,14,8,14,4,2,17,11,10,15,3,8,38,9,27,4,1,27,2,16,8,2,13,18,47,6,3,17,4,21,2,14,4,3,10,10,2,4,10,1,3,6,14,7,6,4,20,17,1,12,10,9,5,11,16,10,10,18,19,1,18,23,7,12,4,4,10,20,24,4,13,7,8,14,7,12,9,18,15,4,40,1,15,2,16,10,2,5,6,2,7,21,20,13,5,22,21,7,24,6,21,10,4,2,11,1,3,20,2,28,8,27,1,4,14,9,3,24,11,6,11,24,13,6,2,10,11,70,2,3,1,8,6,7,16,7,5,21,28,8,3,8,19,32,16,17,6,17,4,11,4,2,24,1,20,20,20,1,2,17,13,13,9,10,15,2,15,13,8,2,8,15,1,31,17,14,7,6,7,18,4,15,18,14,14,12,4,5,14,13,11,16,29,19,7,17,6,2,15,15,4,3,3,15,12,1,7,3,7,9,17,3,6,8,16,10,15,1,3,6,9,23,12,30,2,19,2,29,7,21,2,6,25,22,2,19,12,11,8,29,1,21,2,16,17,30,27,28,9,27,21,28,8,7,17,17,2,5,3,24,10,3,5,34,9,3,5,1,4,31,16,8,2,21,1,41,37,4,11,1,28,3,20,4,21,7,8,1,16,16,18,9,21,2,34,24,9,18,6,15,22,19,2,4,2,14,17,3,23,3,36,20,18,24,18,3,20,3,24,5,5,3,17,12,27,12,8,40,18,43,6,16,25,4,3,8,13,22,3,26,2,10,4,1,14,21,4,4,15,13,1,2,21,8,4,5,22,15,12,20,15,14,21,32,6,10,16,2,12,9,3,14,20,32,9,18,1,33,22,8,2,15,6,38,8,1,15,34,7,8,22,6,16,60,3,35,18,9,9,13,21,9,2,23,37,4,4,1,6,12,30,17,4,12,15,16,1,22,14,3,10,10,19,14,5,4,6,1,14,25,2,6,20,7,5,5,44,8,3,13,7,37,9,4,9,2,1,17,46,30,16,36,10,18,7,5,6,4,4,1,36,26,13,5,25,15,16,6,2,9,6,25,10,11,17,3,22,3,27,10,21,7,25,10,1,7,1,8,11,11,4,6,1,3,30,9,30,31,19,3,12,8,8,39,1,9,9,9,3,22,2,24,26,15,8,10,13,4,16,10,3,5,2,19,8,25,19,3,7,49,2,39,14,11,3,21,5,11,5,12,29,18,7,21,8,2,12,29,13,5,9,15,22,24,9,13,17,5,3,4,7,31,19,2,37,15,4,34,22,25,1,2,22,30,5,5,11,16,23,17,5,21,26,25,9,5,5,23,12,1,10,22,9,21,20,23,9,21,21,23,19,18,9,14,12,20,14,30,6,20,12,31,11,14,12,20,12,18,22,7,14,7,11,1,4,3,11,5,3,20,21,23,11,4,7,21,14,5,21,3,8,10,4,6,1,4,4,1,14,17,41,6,14,5,13,24,17,10,11,8,10,6,28,20,8,29,2,5,7,25,5,9,18,10,17,10,21,14,21,7,12,7,25,18,4,12,21,21,4,25,23,7,7,7,13,10,10,1,19,9,8,5,3,9,9,17,15,12,2,7,4,17,17,17,17,13,2,17,23
1,2,1,2,2,1,4,3,3,2,3,1,2,3,2,3,2,3,7,2,2,2,2,6,3,2,3,8,3,7,5,3,2,3,4,4,10,1,5,7,4,6,4,7,14,6,5,4,2,5,7,3,3,6,4,4,7,9,11,8,3,12,5,8,8,15,1,5,5,7,3,28,7,21,4,7,2,1,15,1,9,4,4,1,21,11,9,7,7,3,5,5,5,11,10,5,13,2,4,9,6,11,2,7,1,4,11,12,7,7,3,6,9,7,8,8,2,9,2,4,7,13,16,3,7,13,1,7,3,23,20,2,4,3,6,9,6,2,14,9,2,11,13,10,12,9,9,12,2,2,3,6,7,17,3,9,14,9,9,4,7,1,19,11,14,12,12,10,8,9,16,6,14,27,11,3,7,14,11,15,4,1,5,53,16,13,5,1,3,27,1,17,16,16,4,13,11,3,11,13,9,2,56,33,1,15,6,2,3,1,5,6,18,4,10,2,41,10,7,12,12,3,6,9,5,24,3,8,18,11,26,28,7,6,11,5,10,7,3,26,8,14,2,1,16,14,10,9,11,5,10,12,32,11,11,10,7,2,23,11,10,5,46,16,7,7,14,11,16,13,16,11,15,15,6,4,2,10,14,1,12,11,4,4,11,1,27,9,3,19,7,15,11,13,4,16,5,6,13,22,10,16,18,19,19,15,16,14,9,33,8,7,5,52,10,15,39,22,11,18,14,18,4,20,5,38,4,2,12,4,9,6,1,6,13,13,1,9,10,2,11,31,6,21,21,5,4,21,9,4,12,14,11,7,5,12,2,18,7,3,11,12,4,21,11,15,11,6,8,60,1,2,10,2,1,37,7,28,18,12,8,10,22,9,4,15,5,19,11,3,12,1,2,5,31,4,2,2,17,21,5,4,29,22,19,4,6,26,19,8,4,16,15,18,29,21,10,2,12,14,8,27,12,49,5,4,19,13,14,11,3,19,14,15,14,16,16,2,2,16,2,11,9,13,18,19,17,25,4,17,16,3,15,18,7,14,2,5,8,10,12,17,28,8,20,11,15,14,3,9,4,9,31,14,8,24,3,19,8,3,4,8,7,3,6,10,17,1,6,32,19,17,7,3,3,43,3,3,18,36,1,49,26,13,9,10,29,3,5,30,32,8,59,3,12,4,18,4,4,3,3,30,2,17,9,4,23,3,17,16,19,16,19,3,6,20,12,2,4,10,10,4,10,17,9,11,8,13,2,2,21,10,4,12,22,4,1,2,16,6,8,32,29,6,10,27,11,4,3,13,12,12,15,6,38,8,7,20,1,27,41,2,22,14,15,7,16,8,4,9,16,14,17,12,4,3,16,3,15,12,6,2,10,7,4,17,2,6,32,5,2,13,1,8,9,1,1,19,5,6,12,4,23,2,8,7,16,4,23,2,12,19,17,8,1,2,6,20,6,1,14,19,6,8,38,12,13,39,2,27,6,7,14,5,21,35,7,23,35,21,10,10,32,12,5,24,12,3,22,6,2,10,19,15,15,15,8,6,11,8,45,12,5,45,16,1,3,14,30,10,7,14,26,25,1,1,8,8,1,1,8,22,2,8,14,6,21,3,23,2,7,7,24,27,40,5,22,12,17,2,26,6,6,28,23,18,4,22,18,19,31,9,23,11,27,8,28,1,5,1,15,14,23,8,11,5,7,9,1,19,47,6,4,3,17,11,15,3,30,3,17,7,6,13,26,13,10,17,3,22,6,17,3,12,49,1,25,28,2,8,3,2,9,1,40,6,8,18,8,35,29,16,7,15,15,5,24,13,27,6,5,18,16,16,1,16,2,16,2,31,14,2,16,16,5,16,7,2,16,16,12,14,3,5,18,4,6,18,15,18,1,2,5,10,12,16,6,4,2,16,20,15,16,6,16,2,11,10,13,4,6,12,13,16,14,16,16,17,16,7,5,16,2,4,4,16,16,16,16,9,11,16,2,16,16,7,8,16,1,18,3,3,16,20,2,15,6,12,12,1,12,7,15,2,16,16,16,16,16,16,18,9,3,16,11,7,20,9,16,1,8,16,12,6,16,16,10,5,16,5,16,5,3,3,4,16,2,16,18,15,15,15,7,5,4,16,3,16,2,6,17,13,4,5,16,8,13,16,6,1,6,16,5,16,16,9,18,22,18,5,16,9,7,16,11,6,16,12,16,2,16,5,16,18,3,9,16,6,5,7,2,5,12,16,9,3,16,9,16,19,1,16,16,16,16,14,4,8,16,2
2,4,1,1,1,3,1,3,2,1,3,1,2,2,2,7,4,3,3,2,3,2,4,4,4,2,5,3,4,5,19,6,3,2,2,3,6,2,9,4,4,2,5,3,4,4,3,1,4,6,4,5,4,11,5,6,5,2,2,10,6,2,6,1,5,2,4,1,4,36,1,5,1,7,7,5,5,6,1,11,6,7,5,3,1,12,4,10,12,1,9,2,4,1,3,5,2,4,4,5,6,3,4,5,12,8,2,10,1,8,6,6,3,7,7,7,8,8,7,8,8,3,11,1,7,8,6,5,19,1,1,16,8,6,10,2,36,7,5,7,32,5,1,3,41,56,1,6,22,29,4,3,9,8,7,12,3,1,6,22,14,6,8,9,5,2,9,4,6,11,5,10,1,6,10,8,10,3,4,4,8,8,3,3,14,11,9,8,9,6,5,15,9,10,9,9,10,7,14,5,5,4,12,10,13,14,13,6,21,16,2,12,9,6,21,10,25,14,18,7,14,20,16,5,16,6,3,13,7,1,38,14,14,28,8,7,5,2,11,5,3,7,5,7,11,4,6,8,4,15,8,2,22,14,20,13,10,2,2,8,10,9,3,9,5,5,11,6,9,8,8,8,4,11,8,9,11,33,9,12,14,7,2,5,17,1,39,21,12,11,4,8,19,39,2,10,4,28,3,36,2,5,10,2,4,5,27,25,2,12,8,3,56,46,18,17,12,15,3,7,2,1,11,12,6,7,2,5,26,14,7,18,14,6,36,18,13,12,11,15,16,3,16,7,14,9,19,17,26,12,14,7,14,10,8,2,3,4,15,10,6,18,14,20,7,24,16,11,15,15,3,16,9,4,23,1,21,11,26,6,13,17,9,15,16,2,1,11,2,13,34,13,7,6,39,21,10,26,4,20,3,19,7,15,15,4,10,9,44,4,32,16,6,10,27,6,8,10,8,19,11,1,11,15,2,29,6,11,6,9,29,10,12,10,13,11,3,13,11,1,21,3,11,10,11,3,24,20,21,7,11,3,9,15,5,1,4,3,5,2,12,2,11,21,16,11,12,4,12,15,11,7,14,1,12,12,16,11,17,16,26,38,13,3,9,13,32,26,20,2,6,12,26,14,3,17,15,18,5,15,7,20,15,8,2,17,18,15,1,14,16,6,15,13,5,16,2,19,1,17,2,16,18,9,20,5,15,7,3,15,4,1,25,21,18,9,1,12,8,24,6,26,5,2,19,7,7,19,7,20,8,3,7,2,4,19,12,29,3,9,21,4,14,8,11,1,6,16,17,5,3,8,2,21,8,3,39,17,10,18,7,12,7,8,6,20,7,7,9,13,18,4,10,32,18,14,14,27,28,7,5,11,9,49,6,17,17,14,4,5,7,8,13,20,21,4,13,1,16,19,2,6,3,10,8,40,9,12,8,1,14,1,3,11,18,9,21,19,22,2,18,1,1,15,2,17,6,20,1,8,21,15,9,5,8,8,40,6,25,9,2,22,7,18,11,11,4,3,25,18,14,16,19,17,23,25,1,8,17,15,50,2,15,38,11,2,7,15,23,21,46,32,20,34,18,8,3,21,6,3,7,24,6,7,23,35,4,20,2,25,11,10,11,6,8,6,7,33,4,2,23,27,29,26,19,16,6,2,3,4,8,1,2,21,16,6,31,26,16,14,16,16,15,15,9,16,4,16,16,3,16,12,18,7,5,10,14,2,16,23,5,15,16,16,18,8,17,15,2,18,16,18,4,17,12,8,4,4,7,16,16,13,16,1,4,13,13,12,3,10,18,16,16,10,11,8,16,1,10,4,7,12,9,16,15,16,9,12,6,4,16,13,1,5,12,15,18,3,1,10,16,16,16,1,16,12,16,16,16,16,1,9,5,3,17,13,7,1,2,16,2,18,3,7,1,3,10,16,18,3,5,12,16,12,16,4,4,1,11,3,18,6,34,16,3,16,6,3,16,16,1,1,20,16,16,16,7,16,7,1,1,4,10,16,1,3,2,6,3,7,7,15,14,6,8,4,16,14,18,7,8,1,2,16,1,16,6,4,7,14,12,16,18,11,15,18,18,8,16,16,12,18,10,10,13,10,11,4,16,5,2,6,17,9,3,16,16,12,16,4,16,1,16,9,1,16,4,15,15,5,6,10,16,16,18,16,5,18,6,9,3,18,4,16,15,1,5,3,7,16,14,2,5,10,7,16,4,6,5,18,6,15,16,13,16,5,2,11,20,16,17,13,2,18,1,18,4,3,3,5
1,5,1,1,1,2,1,4,2,3,4,4,2,1,3,5,2,4,2,4,4,2,5,2,2,5,2,2,5,2,4,4,4,7,4,10,5,5,4,4,5,1,6,5,6,5,4,6,7,8,5,4,3,20,14,5,6,5,7,6,5,1,2,5,5,3,6,3,5,3,7,5,3,16,6,6,4,4,3,20,9,5,4,9,7,6,4,6,11,7,7,6,9,8,8,9,5,5,7,6,4,11,27,8,8,16,6,8,3,17,5,11,9,11,7,8,9,7,3,1,19,3,5,7,4,2,4,2,26,6,4,12,5,6,8,4,11,41,18,2,8,10,7,16,7,13,12,7,10,1,8,7,11,8,8,8,5,17,8,11,45,11,1,8,18,8,3,2,7,31,11,7,9,13,14,10,1,1,8,19,21,6,2,8,3,9,1,8,9,14,15,10,11,14,10,1,15,17,12,4,9,15,15,1,10,1,1,8,9,12,51,2,1,19,5,38,2,6,27,2,2,2,1,15,6,18,10,4,27,7,3,7,6,7,6,2,4,22,8,3,8,7,33,9,1,37,12,27,39,3,11,8,5,16,13,10,11,4,30,4,15,4,2,30,11,6,18,3,16,4,23,32,5,2,1,15,11,8,12,3,21,2,5,5,12,12,18,6,10,35,12,12,3,12,17,15,2,12,12,12,11,12,13,19,4,13,18,7,4,3,9,13,1,13,15,18,14,15,13,17,3,1,15,7,4,18,4,18,14,1,4,1,8,11,43,9,15,6,4,16,14,1,3,1,17,12,5,3,1,8,13,17,5,2,3,2,21,5,14,20,8,3,1,2,7,3,2,7,11,21,8,8,5,14,4,6,9,34,3,13,4,18,5,28,4,3,11,4,5,13,11,13,11,11,14,8,10,6,19,15,9,2,4,5,7,16,6,14,17,14,19,2,14,27,2,18,12,16,6,20,15,7,14,25,8,20,14,8,2,13,14,14,16,7,19,18,34,4,7,3,21,19,20,12,8,9,1,10,18,6,5,8,12,3,3,21,49,1,2,2,11,2,13,9,8,6,8,8,11,15,18,17,9,8,27,28,14,20,6,2,6,1,8,10,10,14,14,8,3,1,14,6,10,15,3,3,4,6,1,31,3,16,12,8,3,11,21,4,35,2,33,17,16,7,2,18,8,26,6,3,15,5,5,10,12,12,15,2,5,22,5,2,11,6,17,6,31,31,27,15,10,16,15,3,4,15,14,16,17,5,4,1,14,6,5,7,9,13,16,1,2,7,7,2,4,28,3,4,2,7,18,1,6,1,11,1,20,5,25,11,53,21,4,70,27,14,5,2,6,3,23,7,16,7,14,9,37,18,15,12,6,18,16,18,14,2,18,12,13,16,18,3,17,8,3,1,9,25,5,20,14,5,7,37,39,7,1,4,5,8,16,5,3,12,2,60,4,15,2,3,6,10,28,5,26,9,7,21,22,5,16,5,17,7,2,16,9,14,18,4,21,9,2,6,21,4,15,6,16,15,16,5,4,4,16,1,16,18,16,7,6,16,16,8,10,4,21,25,19,17,5,12,29,1,12,1,10,8,19,1,6,16,13,3,16,3,18,5,8,9,5,16,2,3,2,13,9,14,9,13,17,14,7,7,14,9,5,10,3,5,22,1,11,16,13,5,12,7,16,3,20,5,16,16,2,15,7,11,17,6,11,4,18,4,16,3,17,8,12,15,1,5,17,10,19,9,19,2,5,4,17,11,3,17,15,17,12,4,5,4,17,20,2,4,9,8,9,17,19,16,10,2,2,17,2,1,3,3,16,5,16,12,16,9,4,16,5,8,18,13,8,12,16,16,19,5,3,16,2,16,20,17,6,16,16,16,3,2,8,3,5,3,16,3,16,16,4,7,16,16,2,16,13,16,16,1,13,15,8,4,2,12,3,9,2,3,6,16,16,18,7,9,1,16,16,11,2,4,2,2,16,4,14,4,16,5,6,6,12,18,16,3,9,3,19,16,16,12,16,6,17,18,16,1,6,16,16,1,9,6,16,1,16,16,14,16,7,1,14,8,2,16,18,16,3,4,16,7,7,16,11,3,14,14,16,3,8,16,20,13,6,11,6,3,2,4,15,4,7,4,14,4,6,8,15,5,7,15,2,17,11,15,16,15,12,15,15,6,15,15,16,13,15,15,6,12,10,15,15,15,14,13,15,1,15,11,10,8,15,3,12,15,13,4,9,14,14,15,17,15,17,16,15,15,11,6,15,15,12,1
1,1,1,1,3,3,1,2,2,4,2,3,3,4,2,3,2,1,2,2,5,3,4,3,2,5,5,3,3,3,1,3,3,2,5,6,3,9,4,5,6,5,5,4,4,4,6,6,5,7,5,4,8,4,6,15,8,3,9,5,14,3,8,4,11,8,10,6,4,20,18,5,20,15,1,4,7,6,1,10,2,3,15,12,13,6,2,9,3,7,4,1,3,9,18,3,1,6,9,6,3,13,4,1,27,5,8,6,2,27,34,5,11,7,6,4,9,15,6,7,11,2,6,4,5,4,19,7,2,4,4,9,23,8,8,10,10,3,15,9,28,11,8,11,9,2,13,21,11,1,9,15,9,4,10,12,11,12,9,17,1,4,2,8,8,3,6,20,35,12,11,6,25,8,4,17,58,12,9,4,7,5,9,31,10,11,4,5,8,3,29,19,9,5,12,12,10,1,12,11,13,10,16,11,4,6,4,11,10,11,9,1,25,11,13,12,17,5,2,6,16,9,4,6,9,6,10,11,9,8,8,3,8,7,8,13,11,1,9,10,8,8,8,8,7,28,9,17,10,13,16,3,5,10,8,26,5,17,18,11,9,7,2,14,4,10,6,20,14,5,21,12,9,12,11,20,3,3,19,11,4,6,16,6,9,2,1,7,27,12,7,19,11,3,11,4,16,2,16,23,1,2,8,7,22,15,12,3,10,9,4,3,35,16,11,2,9,13,1,1,27,27,9,1,21,2,4,5,10,5,14,8,7,4,21,5,14,21,17,13,13,9,10,10,20,8,15,2,3,23,8,1,23,12,2,13,17,4,7,4,18,2,3,1,22,17,5,7,12,14,22,11,1,33,27,10,30,3,3,6,20,17,4,14,8,16,13,35,17,12,20,9,54,4,33,2,5,7,10,2,1,4,18,3,18,20,12,1,16,17,9,14,8,19,8,5,1,7,17,8,1,8,8,27,8,90,18,10,13,3,7,3,22,4,30,4,4,29,12,20,13,16,21,11,7,5,8,25,2,7,3,7,20,25,24,2,3,12,38,17,12,14,18,11,2,21,7,3,19,5,15,4,5,30,4,4,10,22,6,11,11,7,4,7,2,11,3,8,12,17,13,2,4,7,14,7,9,3,14,17,3,9,13,2,11,12,21,16,7,6,4,1,9,4,35,8,9,23,32,10,20,23,16,13,2,14,1,2,13,14,3,14,15,28,9,3,4,19,8,2,12,13,9,17,12,8,16,3,7,3,8,27,18,23,17,6,5,9,5,1,26,5,9,27,11,6,11,11,8,11,4,1,17,13,2,4,7,3,11,23,15,17,15,11,5,27,16,17,16,8,1,14,6,4,24,20,2,13,14,29,1,20,23,18,17,18,16,9,2,2,6,19,3,10,6,4,11,28,19,20,3,19,11,8,20,6,29,3,14,25,13,25,1,5,18,8,8,19,6,30,17,21,4,12,2,3,11,2,7,14,10,48,14,1,5,13,47,12,28,11,22,16,2,1,23,33,11,10,31,24,16,13,6,3,4,9,1,16,5,1,68,6,19,20,3,15,47,2,9,20,1,24,15,6,19,12,1,8,6,8,3,4,1,2,17,31,6,8,42,13,2,18,3,3,15,17,12,19,13,15,2,5,1,3,19,2,16,11,16,7,16,2,6,10,1,8,3,7,8,8,14,2,14,18,16,11,11,16,1,13,9,8,4,8,5,14,8,18,16,3,10,18,16,1,18,3,9,8,16,16,10,10,1,15,4,16,1,11,16,4,2,18,7,18,17,7,15,15,18,5,14,8,16,3,8,14,19,13,1,25,16,16,4,2,8,1,7,6,11,16,3,2,16,17,2,9,3,17,4,2,16,16,2,4,1,7,5,10,10,16,6,6,16,7,25,14,2,10,13,16,6,11,11,15,15,12,15,2,9,2,1,4,19,1,8,15,5,1,9,8,1,15,10,5,8,2,11,14,14,9,15,12,15,15,12,15,5,7,5,15,2,10,12,12,4,15,7,10,15,15,15,6,6,1,15,15,6,8,15,10,15,5,13,3,11,5,2,3,15,15,15,3,15,8,9,15,7,15,13,15,6,7,20,15,15,5,9,2,6,10,7,3,10,15,15,9,3,15,15,15,15,7,15,4,4,15,4,11,1,15,8,12,17,5,8,15,7,3,18,15,1,2,2,2,15,2,7,9,4,10,7,8,15,7,3,15,15,8,15,3,1,8,3,5,2,12,3,1,1,15,15,1,11,5,15,5,15,7,6,15
1,3,2,3,1,3,6,2,1,2,2,2,2,2,1,5,2,2,4,4,2,3,3,3,7,3,6,6,3,4,3,2,2,2,2,2,3,9,2,6,5,3,7,3,1,9,3,7,6,9,2,3,4,7,1,8,10,8,20,8,4,8,5,4,5,9,6,13,20,5,4,7,17,3,2,10,4,12,23,4,4,9,1,5,6,5,8,5,5,5,7,9,12,9,1,1,10,7,6,7,6,7,7,8,10,6,4,1,14,10,6,2,4,10,10,4,3,1,18,12,6,6,3,11,9,8,7,3,16,8,6,4,6,7,11,6,4,8,10,19,3,9,7,5,17,13,9,5,6,13,11,11,9,7,5,3,5,13,1,21,5,8,10,16,13,8,10,11,12,9,9,7,2,2,1,10,1,34,10,10,8,2,5,12,21,1,9,14,10,9,10,18,11,10,11,10,11,8,4,17,5,30,29,3,1,13,17,12,1,7,1,3,6,25,18,46,12,1,19,6,16,9,6,32,11,1,4,13,3,5,22,2,12,14,14,3,14,11,14,3,8,10,11,7,14,12,14,16,3,11,2,10,6,10,12,10,8,16,6,37,1,1,14,25,10,11,1,11,5,5,2,42,4,5,16,6,6,21,17,3,2,3,23,11,8,17,17,4,6,14,9,23,19,9,18,16,28,1,5,7,4,1,20,3,29,26,40,13,39,3,4,20,12,16,12,7,2,5,16,6,8,8,3,12,4,9,15,1,8,10,2,3,8,9,7,32,17,10,3,14,3,7,10,22,18,7,11,13,2,2,8,18,12,20,1,17,4,22,9,18,18,18,14,18,14,19,6,2,4,8,23,19,2,2,9,14,2,9,15,1,1,9,37,35,3,22,1,10,4,5,5,20,9,11,10,7,9,13,4,7,14,11,17,3,3,5,6,6,3,3,6,1,2,5,4,32,14,12,17,13,2,14,12,20,8,4,14,2,16,6,19,17,17,14,13,10,11,2,15,4,8,5,12,11,3,1,18,4,6,16,3,36,10,31,6,4,3,6,3,20,26,1,9,2,1,33,13,2,26,17,1,1,7,22,10,16,16,11,9,14,15,14,2,11,17,15,5,12,5,2,24,20,7,8,14,6,8,12,5,6,9,1,34,1,30,19,18,1,4,5,25,4,10,16,2,21,10,2,18,19,12,20,17,8,10,31,2,28,10,11,4,32,20,10,1,1,6,3,15,25,2,3,11,23,1,12,15,1,23,3,24,18,10,15,9,9,27,10,5,2,12,8,6,9,3,4,34,2,16,11,35,1,6,16,18,6,2,37,30,5,14,10,45,20,4,10,27,8,1,14,6,8,4,26,3,3,1,15,5,35,6,30,9,18,11,18,18,18,20,13,19,1,3,10,17,25,3,9,26,10,20,17,13,11,1,10,4,2,8,19,8,29,19,16,12,4,12,20,1,8,5,8,16,1,8,19,4,7,5,6,20,3,19,7,4,9,2,1,11,1,26,17,16,22,8,4,4,4,17,5,1,12,6,6,27,18,16,7,15,2,18,16,16,16,7,9,16,2,13,1,12,2,10,7,20,16,18,10,2,6,1,15,16,16,17,4,7,16,7,13,16,16,12,5,2,5,13,12,17,16,11,17,4,16,16,18,16,2,12,16,6,11,4,4,16,2,11,4,1,9,7,15,3,5,16,6,18,11,7,5,12,3,7,9,10,16,3,19,16,1,16,6,16,16,12,2,5,17,15,3,3,13,5,16,11,3,16,17,9,3,4,16,16,1,19,1,1,15,18,3,1,7,1,16,8,8,18,13,16,15,16,11,7,5,22,9,16,11,16,4,5,8,18,7,5,16,6,8,16,14,2,2,16,13,3,1,12,4,1,16,8,15,12,10,16,3,16,11,17,2,15,5,12,2,7,17,1,15,10,9,17,11,17,1,17,2,17,17,3,10,7,2,17,17,14,18,17,17,15,17,7,17,3,2,3,8,2,17,17,17,10,10,17,4,17,2,4,12,17,4,17,4,7,8,7,2,16,16,17,16,16,16,16,5,18,1,12,7,15,1,8,14,13,2,6,6,5,5,16,16,5,16,1,16,10,8,10,18,5,16,3,11,15,15,2,15,10,11,1,12,12,12,14,15,13,17,16,17,1,16,18,12,11,18,1,1,1,17,17,16,3,7,16,8,18,13,2,17,7,12,20,1,4,15,2,5,6,4,5,6,3,11,10,17,18,4,4,14,20,4,13,10,17,8,1,12,18,16,16,4
1,1,4,1,3,3,1,1,4,2,2,1,3,2,5,2,2,2,2,2,3,3,5,3,3,4,2,7,3,8,1,36,13,2,2,12,4,3,2,6,3,2,3,5,4,6,3,4,3,10,5,9,4,3,20,6,3,4,8,3,8,2,3,1,3,3,11,6,5,5,4,4,4,10,4,12,8,3,8,13,6,4,5,4,6,4,8,5,12,9,6,1,5,6,2,3,4,2,10,16,2,2,4,8,5,1,27,4,2,8,1,5,7,5,3,11,6,5,6,7,12,8,7,3,11,4,2,3,15,7,4,12,12,7,8,4,8,13,19,1,18,4,24,4,10,23,1,6,3,8,7,7,5,4,2,7,9,1,6,8,5,12,6,1,3,7,5,17,8,4,9,1,7,7,5,9,6,16,5,3,1,1,2,8,2,7,3,15,15,16,12,16,10,6,13,5,6,4,13,2,15,6,9,6,2,11,4,32,14,9,2,8,6,21,22,15,15,9,11,3,4,4,7,9,3,16,3,1,12,8,21,13,12,10,10,9,11,10,14,10,8,22,7,28,1,5,40,1,20,6,13,11,9,14,10,15,12,10,14,10,12,4,16,3,1,10,8,8,11,11,3,7,10,2,2,23,12,1,10,6,13,13,15,10,11,29,28,8,1,14,4,13,5,10,14,3,17,13,1,24,1,18,14,9,4,28,2,36,25,5,4,2,13,7,16,19,13,19,2,5,8,32,6,18,10,16,6,35,13,13,7,30,10,2,6,16,10,6,3,15,12,13,1,4,13,15,2,12,16,5,17,6,12,5,5,12,12,5,12,5,14,13,6,4,15,15,4,15,21,9,4,11,13,4,14,4,12,18,13,2,22,3,8,17,12,2,13,12,1,5,4,29,13,15,19,8,8,8,15,13,5,6,24,11,6,30,3,22,4,18,9,17,19,6,2,21,5,4,21,2,34,13,15,13,10,11,10,28,2,8,5,9,15,9,24,1,13,14,2,2,2,15,11,21,1,1,14,16,18,2,14,9,8,18,20,23,10,8,3,28,9,10,1,1,23,10,22,3,3,14,42,8,17,4,13,13,8,5,9,4,3,2,3,22,11,16,5,19,12,2,2,4,33,12,12,42,10,13,14,6,14,11,1,48,18,18,17,6,20,14,26,16,2,33,3,19,13,19,6,6,24,15,2,10,22,6,5,14,11,17,26,15,31,6,5,2,2,17,4,13,5,3,3,32,12,24,1,22,8,4,9,21,33,15,4,8,50,2,14,2,14,7,7,20,6,16,11,1,26,27,17,19,17,2,7,6,20,9,5,6,8,15,5,16,5,4,15,46,19,8,16,19,49,7,18,51,7,5,23,13,17,1,10,11,2,6,22,28,5,2,11,14,5,2,1,2,24,1,31,3,2,8,3,9,18,25,5,32,3,6,39,9,2,7,12,18,7,13,42,65,22,3,9,11,10,11,6,9,29,2,15,21,20,17,1,9,6,15,15,16,15,21,15,12,14,36,18,18,1,18,13,18,6,15,21,2,11,2,16,24,7,22,8,6,9,13,16,3,18,12,3,16,16,7,5,26,16,16,1,4,5,8,19,12,13,1,8,16,4,9,16,16,4,10,11,20,8,4,16,16,16,18,2,18,2,16,16,7,9,2,16,6,18,1,16,16,1,15,2,3,18,16,2,5,11,16,3,16,18,8,1,16,16,4,1,8,16,4,16,11,16,13,9,15,16,16,7,7,13,6,14,16,16,16,14,5,9,34,16,12,5,16,3,4,18,10,16,16,1,9,4,16,14,16,3,13,16,12,11,9,9,17,4,2,1,2,7,1,16,9,7,9,16,16,13,1,16,7,2,7,8,3,15,6,16,4,18,5,9,9,12,9,1,8,14,19,11,12,16,4,1,1,2,5,15,17,7,4,1,16,16,2,16,12,15,7,16,1,2,2,1,13,18,1,4,10,20,4,4,4,4,16,2,16,16,17,16,15,16,17,16,16,16,10,16,16,7,1,3,8,16,1,8,16,11,6,4,4,18,3,16,16,16,16,9,16,9,9,9,3,16,19,8,5,9,2,13,2,16,1,16,10,16,12,8,3,18,4,4,8,16,16,7,2,8,16,1,13,7,16,4,20,8,6,17,18,2,16,16,2,21,7,6,16,14,4,16,17,7,15,13,16,18,16,18,20,2,23,5,14,9,20,4,4,3,19,3,15,18,16,4,3,7,14,16,3,6,6,16,12,16,16,16,17,3,4,6,16,5,4
2,2,2,1,2,2,2,1,2,1,4,2,5,1,1,4,2,4,2,3,2,2,3,5,5,4,3,2,4,2,4,3,4,5,4,4,3,8,3,5,1,5,20,15,3,5,3,3,5,2,9,4,1,3,2,7,5,5,19,6,8,6,3,7,4,12,4,9,9,1,5,4,5,6,5,1,4,26,10,10,9,2,7,27,8,10,10,6,8,6,5,4,8,15,2,9,21,5,4,7,2,7,6,7,10,8,12,12,3,12,7,5,7,5,8,6,1,5,6,10,9,5,8,6,4,2,17,3,65,9,8,12,10,12,12,13,9,5,12,7,7,4,48,2,10,20,6,9,10,11,11,2,10,1,10,10,5,5,3,8,10,7,12,8,11,4,7,7,4,8,14,8,9,8,1,5,10,8,1,1,3,10,11,1,8,9,2,14,8,2,15,3,6,9,12,10,6,6,13,2,8,11,10,13,8,2,9,4,6,1,18,13,13,5,3,12,2,1,7,4,3,11,1,5,9,2,12,1,2,10,4,4,5,11,18,3,13,15,1,14,14,11,9,12,2,26,10,43,8,4,3,16,21,13,14,2,2,18,6,1,18,7,3,1,38,9,13,18,6,6,8,10,2,25,6,3,20,18,23,30,24,5,3,7,9,10,10,14,13,1,8,9,12,11,2,3,13,12,9,8,5,44,25,6,23,6,3,3,1,1,3,46,8,14,11,2,4,11,6,3,2,19,4,24,27,7,10,2,7,7,18,19,26,35,24,8,15,10,13,3,4,11,11,11,16,6,14,17,2,12,6,8,17,12,12,6,14,5,25,12,13,9,1,13,2,12,13,4,1,1,1,12,3,33,15,12,12,9,42,12,31,26,30,20,7,15,4,12,8,16,7,20,3,4,25,9,4,4,9,3,3,37,7,15,29,1,15,3,13,11,7,67,12,8,10,15,3,15,12,2,1,29,11,9,11,8,15,9,14,8,19,5,32,10,43,5,30,1,5,3,3,15,20,2,8,4,10,4,9,20,10,17,1,14,1,5,29,4,40,21,3,13,10,12,12,21,13,6,19,21,15,1,3,15,15,4,3,8,17,18,3,15,14,12,15,5,25,16,15,17,1,4,10,5,16,7,38,14,12,3,3,3,10,10,19,14,15,7,19,15,17,7,4,3,8,7,15,22,3,6,14,6,1,4,4,44,5,6,54,4,6,8,2,4,1,3,2,12,4,27,3,1,4,12,3,69,23,23,10,13,15,39,13,7,40,25,4,15,3,9,19,7,8,19,8,5,5,1,9,3,22,19,19,8,1,8,17,4,16,5,6,2,12,16,8,2,13,16,11,9,4,2,6,29,33,4,5,6,50,10,6,30,4,3,2,2,8,9,9,8,15,12,4,7,12,18,1,9,14,10,10,26,2,12,17,12,28,3,3,2,6,2,35,10,7,23,13,15,4,1,7,13,4,45,4,20,30,17,16,18,18,16,19,14,40,12,2,9,7,4,9,8,4,7,7,3,4,26,12,32,1,10,1,7,1,6,5,14,4,8,15,2,7,19,1,10,24,1,21,1,1,12,1,2,31,27,10,8,31,4,6,27,10,10,12,24,8,5,4,6,22,3,20,4,22,3,18,3,1,12,21,9,25,9,1,7,38,19,17,4,17,17,17,17,9,9,13,19,4,9,18,12,16,7,1,31,3,21,4,1,13,17,10,17,19,16,6,13,17,11,4,11,11,2,12,13,5,4,3,9,4,16,8,7,8,12,62,12,34,2,1,4,11,11,12,18,3,6,50,2,4,3,1,16,5,19,6,16,4,17,17,2,16,16,1,19,23,7,3,8,17,5,5,16,7,1,9,11,12,13,2,8,9,18,1,7,4,16,9,16,3,16,13,1,18,16,16,20,6,16,14,19,13,8,20,9,1,3,1,10,1,11,1,3,16,1,16,10,11,16,2,8,16,16,14,7,1,13,11,6,16,3,7,9,16,16,16,6,16,4,18,4,16,3,11,14,2,16,4,16,2,11,6,1,16,16,16,12,4,16,1,13,9,16,16,16,12,7,9,5,16,12,17,14,1,16,16,4,9,19,1,16,16,10,16,16,8,11,16,16,3,5,17,1,8,3,13,16,6,1,10,4,16,8,3,16,1,1,5,14,6,16,11,2,8,14,2,7,16,8,16,6,7,12,4,17,12,2,9,11,16,8,2,2,6,8,7,10,3,16,14,2,13,2,1,7,16,13,15,10,15,2,16,4,15,9,4,2,10,15
1,4,3,2,2,3,3,2,1,1,2,2,2,1,1,6,4,2,2,3,3,1,3,4,6,2,2,2,2,2,4,2,2,8,7,9,6,5,4,7,10,9,7,8,6,4,9,7,11,14,8,6,7,7,1,2,2,3,3,2,8,10,13,6,6,10,10,1,2,11,5,5,4,4,4,3,4,5,4,4,4,6,7,1,10,4,3,1,7,11,4,10,5,3,4,7,2,4,47,9,12,7,1,14,3,11,2,7,5,4,3,3,8,7,10,10,9,6,7,4,12,6,5,5,6,6,7,3,5,8,10,8,3,8,6,7,2,12,11,7,36,44,33,8,9,8,10,8,13,1,12,5,3,4,12,7,9,16,5,13,8,4,5,6,13,14,14,11,2,13,11,9,9,8,10,7,4,35,10,3,15,15,2,12,15,11,4,11,10,5,4,18,9,10,9,11,8,1,1,4,21,6,5,6,12,10,9,16,13,1,3,4,10,12,3,9,4,6,9,12,19,1,16,18,13,7,14,8,2,11,9,6,15,10,9,1,17,9,47,13,37,15,12,2,2,1,5,12,7,23,8,12,10,23,10,18,1,4,14,9,10,13,4,18,10,3,9,1,13,14,2,11,4,14,11,8,36,5,2,19,3,19,6,4,10,2,3,4,23,5,3,24,3,7,16,6,46,1,13,11,13,5,3,22,4,1,14,10,11,2,18,25,10,12,5,49,2,2,20,8,14,13,17,5,13,14,9,16,14,5,1,13,5,5,10,4,16,7,16,9,2,24,7,4,14,9,19,10,12,1,26,8,19,4,17,6,4,20,14,15,6,13,2,3,24,5,2,9,3,8,6,18,18,3,18,9,10,13,8,13,18,14,15,13,19,12,6,3,3,10,8,2,2,12,7,8,22,11,5,11,9,15,6,8,25,12,20,6,6,30,31,16,16,5,10,25,15,2,16,16,8,7,4,2,27,9,9,14,4,14,3,14,17,1,11,7,9,23,7,1,66,14,2,13,25,16,8,19,11,5,11,12,4,35,18,2,10,1,15,14,16,5,17,1,16,6,2,8,17,15,14,4,12,28,8,5,9,22,10,4,7,3,26,1,20,16,3,15,10,18,1,1,19,16,2,3,3,17,23,8,14,8,3,17,4,23,18,23,20,16,11,10,33,6,3,4,1,10,7,42,19,1,11,7,4,20,15,11,15,10,5,3,17,5,23,15,19,6,16,11,1,1,16,13,5,3,5,2,11,8,16,12,3,10,13,19,9,3,3,1,10,8,2,4,15,15,6,23,4,10,5,24,2,8,9,10,19,5,13,17,6,7,4,20,8,16,9,3,11,4,23,9,19,11,8,31,18,1,16,16,12,18,24,11,15,3,3,1,8,16,1,6,14,7,35,5,9,14,21,22,6,2,9,18,5,8,8,3,2,8,8,18,32,4,25,1,7,1,20,41,2,3,30,6,12,2,8,25,19,9,20,21,3,24,19,17,6,9,2,16,11,2,16,9,18,1,1,9,6,13,16,9,2,18,12,9,19,8,10,1,16,14,14,15,10,16,6,18,6,17,16,11,13,10,11,3,18,12,11,21,9,3,1,16,2,16,2,16,5,4,11,5,19,16,8,10,3,16,10,5,10,16,21,18,16,16,16,13,16,16,16,15,4,15,1,14,6,12,6,1,16,4,5,12,13,12,16,3,14,16,16,11,12,16,3,13,14,17,5,13,10,3,18,16,18,6,16,10,16,3,3,16,16,4,8,1,16,1,12,3,16,16,4,18,17,5,6,11,1,15,10,18,15,12,9,4,16,9,16,6,6,15,9,13,5,15,19,15,3,15,10,10,4,2,2,16,18,10,2,5,16,10,18,16,16,18,19,16,9,20,18,1,16,4,5,2,4,16,5,10,11,15,8,4,15,5,10,10,15,11,9,14,15,15,11,2,9,15,17,8,15,6,15,15,17,11,2,10,17,17,13,15,15,12,15,10,15,15,15,15,4,6,15,2,2,9,7,14,15,8,17,2,6,12,5,15,15,11,12,15,2,13,7,14,4,14,17,2,15,15,9,1,15,16,12,5,4,15,15,11,11,15,15,15,7,6,2,6,12,15,15,15,6,15,3,2,1,4,12,8,6,17,15,2,15,7,1,15,14,15,2,17,12,10,16,9,15,7,15,7,2,15,15,3,7,17,15,15,15,1,17,15,10,17,8,10,15,17,15,15,13,2,2,15,1,14,13,15,15,18,10,15,9,2,2,7,15,15,17,15
1,1,2,1,1,1,3,2,4,4,3,2,4,2,5,2,5,3,2,2,4,4,3,2,2,2,5,3,7,3,1,4,5,5,8,10,4,6,2,2,2,3,4,9,2,3,3,3,3,3,4,1,5,9,3,5,5,6,4,9,5,5,1,10,5,18,29,2,2,3,19,10,3,4,3,8,3,5,5,8,4,4,14,3,9,7,4,10,5,6,6,10,13,5,6,6,9,11,11,6,1,6,2,7,1,7,6,7,16,5,2,6,14,7,4,10,17,10,15,11,9,6,1,12,8,5,1,8,13,13,4,3,27,20,6,7,13,5,6,14,3,5,5,5,5,3,2,6,2,4,6,6,11,4,13,3,16,17,5,7,8,9,7,11,10,3,4,17,7,3,9,9,3,12,9,9,13,12,9,5,4,10,13,3,1,5,32,28,4,16,1,11,3,1,7,21,21,9,10,4,9,11,10,10,14,22,15,11,4,1,4,7,1,12,3,13,15,2,15,5,12,11,17,20,1,16,14,15,4,8,2,18,30,13,6,44,10,23,9,21,10,10,8,20,1,1,2,11,27,31,15,19,21,10,17,18,2,12,4,4,26,20,6,12,5,11,13,12,12,12,11,3,9,8,22,18,5,2,9,22,1,3,11,11,11,13,12,17,12,16,5,11,14,1,15,12,3,10,15,12,3,1,1,8,6,15,32,11,9,17,2,2,5,14,8,25,11,14,14,5,2,3,44,7,17,27,20,7,2,6,46,15,14,16,1,3,21,10,15,3,17,15,12,7,5,16,9,4,13,1,33,52,7,27,17,1,20,17,1,9,10,28,4,47,14,12,19,4,27,22,6,25,11,12,3,12,12,25,9,13,3,17,21,3,1,2,19,11,9,2,9,7,11,1,11,8,13,12,2,5,26,27,13,8,20,5,13,15,1,2,9,9,10,11,2,21,9,34,12,6,16,17,5,8,26,10,9,6,12,16,3,2,14,14,6,4,4,11,32,21,15,15,11,17,16,6,19,22,7,15,3,8,43,3,17,4,2,5,12,13,33,3,18,9,10,4,12,10,17,25,7,10,9,3,9,3,12,8,15,5,28,9,3,12,18,6,17,20,13,11,15,10,2,15,8,10,4,15,4,3,27,14,5,2,23,6,15,16,2,19,2,1,4,29,6,9,11,8,11,13,15,15,4,28,5,17,17,6,7,9,1,11,3,22,10,20,24,7,6,4,17,11,18,3,5,17,11,3,18,18,24,1,16,16,21,11,12,1,6,13,10,2,25,2,27,3,2,6,5,1,21,19,17,21,2,15,16,5,7,26,4,2,32,21,1,17,7,13,13,3,18,14,23,6,7,7,1,2,7,2,12,11,5,24,6,17,8,3,12,13,43,2,4,4,2,76,17,7,2,19,7,16,4,5,4,8,5,6,3,42,1,9,16,1,1,17,1,17,19,17,19,12,11,4,14,16,5,3,14,19,17,6,16,12,2,17,17,19,1,17,3,13,14,6,17,9,12,19,2,2,17,3,9,4,6,1,14,16,13,16,2,14,1,8,16,1,4,19,17,9,3,6,7,9,16,12,16,10,16,16,10,6,11,2,16,8,16,5,12,16,16,1,18,13,8,12,21,1,13,17,18,5,3,16,15,15,1,15,15,10,16,4,11,6,13,14,4,5,2,15,2,5,15,15,4,17,6,17,15,15,15,15,11,15,9,17,15,1,7,2,15,15,2,9,10,15,4,6,8,4,4,7,9,14,8,12,18,15,4,10,17,15,1,5,17,2,7,15,15,3,12,2,17,9,15,14,15,15,5,15,17,6,15,4,2,2,15,15,15,7,3,15,12,15,1,14,17,15,11,15,15,15,16,9,15,17,18,13,12,10,9,4,8,1,6,15,10,2,15,19,1,12,12,6,19,15,3,15,2,15,11,15,9,15,6,15,12,3,16,3,15,14,13,15,1,15,11,6,15,15,14,10,14,15,3,15,14,15,3,3,10,7,15,2,1,2,6,15,13,7,15,15,10,15,2,14,15,1,15,10,15,15,17,17,15,1,12,5,2,1,17,15,1,9,17,17,1,15,15,15,7,6,15,13,2,17,12,12,6,4,16,15,11,7,11,13,2,18,16,3,16,9,7,4,16,10,1,16,13,9,16,13,8,17,16,7,18,4,5,6,16,12,16,2,16,17,16,16,6,16,1,16,16,17,16,5,16,11,4,28,4,15,23,22,4,1,7,11,16,13,1,3,9,16,12,5,4,4,8,1
2,4,2,1,4,1,1,3,2,1,2,2,1,4,3,2,4,2,5,4,2,4,4,3,5,1,2,2,2,4,4,22,21,6,3,5,4,4,3,3,6,5,1,4,6,5,4,9,5,8,5,3,10,5,2,2,5,7,9,3,11,3,3,1,4,3,4,3,14,4,4,6,3,3,5,5,4,4,7,5,4,5,2,5,8,7,5,10,6,3,8,3,4,3,5,7,1,9,5,1,6,14,10,6,12,11,11,6,7,1,3,1,3,8,11,7,8,11,9,6,9,11,3,7,6,1,8,12,3,6,12,8,10,12,12,3,11,12,9,10,11,6,11,33,5,7,1,1,20,4,13,1,4,5,3,11,11,8,4,26,19,5,5,9,8,8,19,13,7,4,2,24,12,8,2,5,14,3,1,15,12,11,1,1,13,6,20,12,1,6,15,11,6,7,52,5,6,5,4,2,8,6,2,7,19,10,14,18,15,7,2,3,16,14,13,16,9,10,13,9,9,6,5,7,8,7,14,11,7,18,11,17,1,15,5,14,9,5,11,9,7,40,18,5,7,3,9,1,3,24,5,3,14,36,7,21,1,5,13,3,12,10,14,23,12,4,3,1,2,16,8,3,3,33,1,12,3,1,10,11,9,7,16,4,20,9,8,2,1,16,10,8,5,1,12,5,4,15,4,9,2,3,2,14,27,3,10,12,13,9,23,9,31,7,13,2,7,4,24,6,5,6,22,12,12,11,3,1,2,18,14,16,3,12,12,7,5,1,8,6,5,14,15,11,4,14,2,7,11,9,9,3,62,15,1,17,48,3,10,12,2,13,26,37,14,32,9,13,37,18,5,5,9,1,5,3,61,3,27,19,1,2,5,7,5,4,13,1,5,2,5,1,15,6,3,14,5,2,3,1,2,17,8,2,10,14,15,10,21,5,7,41,25,6,10,2,8,5,15,10,12,1,19,11,20,3,4,25,15,19,5,21,11,4,5,5,7,5,2,3,1,15,10,4,67,6,12,8,9,37,28,3,7,15,2,8,28,13,3,18,7,12,3,13,18,9,21,15,12,18,15,3,14,1,4,5,10,17,12,12,1,11,3,8,27,13,46,10,10,1,14,4,13,9,19,19,3,4,15,21,14,12,15,15,7,12,19,13,12,2,10,35,1,12,7,9,8,35,4,8,8,9,1,15,2,4,4,13,19,18,14,13,4,3,12,1,24,2,14,16,16,13,13,1,17,6,3,7,4,3,6,17,4,13,5,14,27,15,8,11,25,3,15,5,11,6,22,13,11,5,36,3,6,35,10,3,2,4,10,9,59,8,22,6,4,4,15,2,24,9,1,11,12,53,1,6,11,22,3,19,1,15,3,10,4,8,1,6,7,3,43,19,18,6,15,5,3,17,1,21,16,17,4,3,32,9,6,6,34,6,3,18,17,12,45,19,1,38,16,15,2,19,18,17,6,15,21,6,1,1,5,14,13,7,4,17,8,20,1,4,4,10,14,2,41,16,18,17,2,4,18,6,21,6,18,15,7,15,6,23,3,8,10,18,1,29,6,20,2,17,1,4,10,27,2,15,23,10,15,38,24,2,6,8,5,16,10,5,5,2,10,19,3,2,30,9,2,16,11,6,22,2,2,14,6,18,19,9,9,20,10,10,14,15,15,16,12,13,10,4,20,19,20,6,1,18,17,8,8,11,1,21,15,14,2,3,3,3,33,4,15,8,14,13,9,2,2,18,1,2,23,9,4,6,4,9,10,10,33,4,5,4,15,10,3,5,7,10,24,16,16,16,16,16,5,16,10,14,15,3,16,4,13,1,16,16,14,17,16,16,17,8,16,3,16,9,3,16,11,1,1,5,16,14,17,15,16,15,14,16,10,16,5,8,16,5,9,16,15,1,18,3,16,11,16,10,16,16,5,15,16,3,18,9,10,16,1,7,16,16,4,7,11,10,6,4,17,14,16,8,1,16,16,9,12,16,14,8,13,16,5,11,12,4,6,6,11,7,19,9,18,3,17,16,11,17,16,18,15,15,15,15,8,8,3,7,3,17,11,15,14,15,13,18,15,15,5,9,15,14,17,14,10,15,15,9,15,16,21,1,15,1,15,4,25,1,16,15,14,9,8,1,4,17,1,17,15,8,16,17,15,7,15,19,11,7,9,18,18,5,6,15,17,5,15,8,8,6,10,7,13,15,2,17,15,5,15,15,7,14,8,14,15,15,15,17,1,1,15,11,8,15,15,11,15,15,7,2,18,5
1,1,4,1,1,2,1,2,4,1,2,2,2,3,2,4,5,1,4,2,4,3,3,1,2,5,8,3,4,2,2,3,2,6,1,3,5,4,12,3,5,7,10,4,14,4,16,4,4,4,1,10,5,1,3,11,8,4,4,4,1,4,6,4,6,7,8,5,5,6,7,14,7,4,42,8,5,56,8,5,5,6,24,13,5,8,7,5,7,7,4,22,3,17,2,10,6,5,6,8,6,6,6,7,9,3,13,4,8,1,6,12,4,2,15,3,2,17,2,1,8,2,8,6,6,6,7,7,3,14,9,7,6,11,9,6,12,2,11,17,10,9,5,11,11,9,1,5,12,7,4,29,8,7,1,3,8,4,35,8,8,6,8,9,4,25,7,1,10,5,15,9,1,3,57,6,9,15,5,9,19,2,4,3,25,18,9,11,8,18,6,4,14,9,10,1,14,8,9,20,3,4,12,11,14,1,8,18,9,5,3,11,12,10,10,4,10,8,4,26,8,25,7,26,16,22,3,29,8,12,14,13,1,13,19,13,10,20,21,6,6,1,13,11,14,9,19,11,11,16,23,17,8,19,9,4,18,12,10,21,14,14,13,4,4,10,11,20,36,24,19,10,12,4,6,5,10,1,23,13,16,18,3,12,14,11,3,16,5,16,1,14,11,10,2,8,19,3,4,15,12,5,12,29,13,8,11,5,14,3,8,12,4,13,15,14,13,13,13,16,1,5,14,14,7,11,29,18,3,9,13,26,7,16,17,5,3,26,2,1,10,1,6,2,4,1,3,34,6,14,11,12,3,12,12,13,16,19,15,15,7,18,12,19,13,17,2,18,15,5,10,3,8,8,44,18,15,4,19,14,7,25,4,10,18,21,36,16,4,1,3,6,41,31,13,10,13,56,16,14,1,12,20,8,24,41,1,8,5,19,19,26,6,18,33,9,13,7,26,5,16,19,13,3,2,3,6,4,12,45,18,15,4,43,2,9,4,6,3,35,4,16,30,2,9,11,3,27,14,1,9,14,13,12,40,11,12,3,34,14,15,28,13,9,6,18,9,17,11,3,9,1,13,34,1,8,31,13,3,20,11,4,10,12,8,14,19,13,3,1,8,5,15,13,2,9,6,2,16,13,6,5,1,29,5,7,2,3,9,28,15,5,7,7,10,13,6,35,20,14,22,11,23,5,4,20,23,7,19,18,3,16,7,1,3,16,34,18,14,9,9,2,22,19,4,1,19,3,10,1,20,6,17,5,17,2,21,11,10,6,5,1,30,3,15,15,10,33,18,3,19,18,17,14,20,15,3,27,1,3,8,9,11,2,12,16,15,4,25,5,4,14,6,2,24,10,3,5,28,8,13,10,5,15,15,17,2,3,9,8,8,8,19,4,18,9,4,17,2,1,8,19,12,3,17,10,6,18,19,6,7,28,11,28,1,3,15,8,5,14,15,33,4,2,5,11,20,14,15,10,5,2,4,2,2,44,19,3,6,6,18,13,24,39,3,7,37,5,10,4,9,5,2,16,26,10,11,7,4,5,36,41,38,9,22,13,33,2,14,5,1,7,21,10,38,29,8,1,25,12,25,10,12,27,19,5,12,2,26,7,3,41,7,8,21,5,28,21,23,16,1,8,6,37,4,2,16,4,4,9,18,1,1,5,10,16,15,16,16,16,16,15,9,9,23,17,3,11,1,7,17,8,17,3,8,23,14,15,15,12,10,16,8,13,6,3,4,16,4,16,16,6,9,3,16,18,1,6,17,16,16,18,6,6,16,16,16,7,7,16,16,14,14,8,17,2,3,16,7,6,16,9,17,5,7,18,11,20,8,16,1,16,16,1,18,1,16,7,14,6,16,16,1,13,6,8,16,17,6,16,19,16,16,4,10,16,1,7,8,8,6,1,16,23,7,2,9,16,16,15,6,9,13,16,16,7,2,10,6,2,5,14,3,1,16,16,12,16,19,16,16,2,16,15,16,10,3,13,10,10,16,20,8,16,16,1,7,6,5,16,14,3,5,16,8,18,11,12,16,16,16,18,18,12,5,8,10,2,19,6,1,9,4,1,16,4,7,5,7,13,16,16,16,17,13,3,9,7,10,18,11,2,16,4,8,16,3,5,8,13,17,5,1,4,16,18,16,7,14,7,15,12,16,5,5,6,4,10,18,1,1,1,16,7,3,16,16,16,18,16,20,16,5,12,14,4,16,10,14,15,3,12,3,6,1,3,5,7,12,3,5,6,8,16,6,1,12,8,3,8
2,2,1,2,3,2,1,1,1,2,2,1,2,4,2,8,2,3,3,2,5,2,3,13,4,4,3,2,5,4,3,3,3,1,3,10,2,2,2,3,2,1,3,5,9,12,4,9,4,1,9,13,8,5,25,5,6,3,5,8,2,3,3,1,5,7,3,8,4,6,7,8,4,9,7,2,2,3,1,19,18,2,7,6,2,3,8,9,1,6,15,1,6,9,7,14,24,5,7,5,4,5,4,5,3,26,2,14,10,8,2,7,7,3,3,7,11,7,3,15,7,7,11,9,1,19,2,6,4,8,1,9,1,2,3,7,8,12,2,12,3,25,7,4,17,3,12,6,5,9,11,2,6,4,18,6,4,13,9,4,7,8,12,11,1,8,9,5,2,1,23,6,1,26,8,3,2,9,8,29,7,1,13,2,3,1,9,25,2,10,49,6,5,13,8,8,11,2,11,3,4,5,12,1,9,9,6,2,12,31,2,11,12,2,15,9,12,1,9,8,11,6,4,14,9,30,9,3,17,5,10,4,27,13,4,20,3,14,14,17,16,9,16,6,3,8,11,2,31,5,18,10,10,15,9,12,10,2,9,10,1,1,12,13,8,10,6,2,4,45,3,31,4,15,2,2,1,13,13,14,3,10,2,13,15,1,3,9,19,10,7,8,15,2,1,19,11,15,3,11,24,6,18,23,21,14,12,5,13,10,21,4,29,12,22,18,15,20,2,11,19,11,13,11,19,6,15,11,20,16,12,13,12,36,11,11,7,35,20,2,5,2,12,14,12,3,1,20,12,32,9,5,22,10,27,22,5,15,18,8,11,14,6,1,22,39,16,15,15,14,5,17,3,2,16,19,12,19,13,2,15,6,3,14,18,1,3,3,6,2,5,6,2,14,7,15,13,9,3,10,24,4,9,3,16,22,13,21,2,10,8,28,11,7,2,16,47,12,11,5,25,14,3,19,1,15,1,5,2,15,23,3,11,10,18,23,9,20,11,1,2,2,10,1,8,15,6,29,9,3,7,29,13,11,9,23,8,27,8,13,18,21,1,10,15,12,9,9,19,5,11,1,4,18,2,2,4,5,9,34,14,4,17,16,17,7,16,12,3,2,9,14,18,3,6,12,6,1,21,18,18,14,17,8,5,10,24,21,42,2,18,18,16,10,1,36,17,10,4,12,7,41,26,18,15,6,8,12,10,17,1,22,4,1,28,6,17,1,13,36,6,16,11,20,29,11,32,19,23,20,4,1,17,16,9,13,12,24,16,16,5,1,8,8,13,1,10,21,1,32,8,19,17,11,9,12,11,8,37,8,10,1,20,5,12,1,3,30,31,2,8,9,25,20,21,31,2,4,12,4,7,2,1,12,3,22,3,12,29,9,11,1,27,18,15,11,4,4,10,7,13,64,5,18,9,1,12,18,3,30,17,5,16,13,35,2,1,3,3,5,9,21,6,7,4,24,11,8,4,4,1,25,17,3,10,8,10,11,11,11,18,11,19,2,8,19,15,11,9,27,7,16,2,15,15,3,18,11,2,8,31,3,17,5,19,7,2,25,13,5,9,9,21,7,9,5,48,23,16,9,16,4,2,1,20,12,5,10,10,23,8,1,16,5,7,18,8,1,5,16,2,2,17,7,16,16,10,29,3,16,16,4,5,3,8,19,23,16,16,16,15,8,14,16,5,16,4,17,1,2,16,16,8,12,15,18,16,15,10,18,8,2,8,1,8,11,6,10,9,5,16,8,18,6,18,3,18,15,9,1,3,15,6,16,11,7,15,16,2,16,9,2,16,16,9,7,3,16,2,14,16,10,16,13,16,10,16,18,14,4,13,7,13,16,18,6,6,16,16,12,22,10,16,7,2,4,4,19,19,16,15,3,4,6,2,8,16,16,5,16,11,11,6,4,1,16,1,16,2,18,19,2,16,16,12,3,1,18,8,16,3,7,16,1,6,7,15,1,3,12,6,2,18,4,3,6,11,3,5,1,11,13,1,2,3,16,8,5,16,15,5,11,6,8,6,16,16,16,16,14,14,15,7,16,10,18,16,18,16,3,12,16,16,1,15,3,14,19,2,16,13,3,9,8,7,19,16,1,4,14,4,16,11,6,16,15,16,8,15,2,3,1,14,16,10,4,3,6,17,17,16,18,16,9,5,18,6,18,1,18,16,2,16,1,5,1,11,10,16,16,16,16,4,12,16,7,5,12,19,6,10,11,7,1,11,2,16,10,3,16,6,14,6,16,19,3,16,4,18,16
1,2,1,1,5,1,1,2,2,2,2,2,2,2,2,2,3,4,4,2,2,2,2,5,5,3,3,3,4,3,6,1,4,3,4,9,6,7,11,7,5,11,10,41,6,3,3,3,3,4,6,5,12,5,34,9,3,9,2,3,10,17,7,14,4,6,8,7,5,7,5,5,30,11,2,5,4,5,8,26,23,8,10,6,5,6,6,5,6,9,6,6,3,6,11,7,6,19,8,11,8,2,25,10,6,14,22,21,1,6,3,6,1,11,10,11,11,9,6,11,2,6,1,4,2,5,6,7,5,6,8,2,5,5,7,11,3,7,10,6,8,9,8,8,11,7,4,7,2,4,7,9,9,8,10,10,18,4,15,11,13,9,8,10,6,2,4,10,8,6,37,1,16,5,3,9,7,60,8,21,1,27,19,6,6,2,14,30,7,1,11,14,21,6,8,30,6,8,24,3,20,11,18,12,13,8,8,5,11,16,12,12,14,2,16,13,1,8,5,6,13,31,1,12,5,10,20,14,18,14,3,12,2,17,8,5,8,15,12,9,9,14,7,11,9,13,12,3,14,18,20,15,15,24,5,9,14,9,60,2,11,1,15,8,22,37,4,29,6,4,11,1,13,14,15,2,3,45,30,12,16,1,10,9,11,7,11,18,17,16,15,6,16,21,2,2,47,14,20,2,20,18,11,12,12,12,1,18,1,12,3,26,1,15,2,1,6,14,14,14,19,14,14,7,2,7,36,16,4,30,14,13,23,3,6,4,4,4,24,2,3,2,8,1,4,17,13,3,7,6,10,9,15,20,18,17,6,1,9,22,25,1,18,19,25,4,6,5,1,15,8,17,5,9,21,2,22,30,28,8,2,27,13,19,24,4,33,18,10,1,3,2,15,25,3,9,23,1,45,3,11,17,2,17,9,9,5,24,15,13,6,8,1,20,11,10,25,1,11,14,1,15,12,2,5,22,2,9,36,5,63,21,6,16,17,22,1,4,22,10,2,13,12,12,20,5,2,3,10,2,13,15,4,9,16,8,2,15,10,11,10,18,15,15,4,12,20,2,3,1,15,16,16,11,8,9,11,16,15,15,16,15,2,19,17,8,8,7,15,3,3,2,3,14,5,54,15,2,5,11,14,3,21,10,14,3,4,13,7,2,5,19,7,1,14,6,15,4,8,19,19,5,11,14,2,10,4,8,14,21,6,2,1,14,4,19,15,6,10,5,22,2,5,4,17,2,22,2,3,16,5,7,15,2,1,19,9,16,2,19,28,19,14,7,60,8,1,15,31,4,26,8,3,35,20,6,4,16,16,16,18,16,1,2,16,16,1,18,16,12,16,11,16,5,11,13,6,16,6,16,16,5,16,16,12,3,6,16,16,2,18,7,1,16,1,17,3,2,4,16,16,15,10,2,6,16,3,5,16,16,16,1,1,1,15,7,16,16,9,12,6,11,5,12,8,6,18,14,4,16,7,16,5,16,6,14,6,16,2,6,16,4,17,1,2,16,18,16,2,7,23,16,16,6,16,13,1,13,14,5,16,27,3,7,18,16,16,4,1,16,11,2,7,16,16,3,16,2,4,4,1,13,15,1,2,1,7,15,2,16,3,8,16,16,3,8,16,16,16,3,1,16,16,10,14,9,15,16,16,1,3,1,1,8,4,1,16,1,16,3,12,16,16,16,2,16,8,18,11,2,15,15,16,4,8,18,18,5,3,15,16,1,13,3,8,5,7,18,15,1,3,17,7,4,3,10,5,15,11,15,2,13,5,15,7,14,1,15,16,8,14,1,35,8,4,15,4,23,3,3,16,4,5,12,1,18,2,8,1,16,16,5,18,16,15,16,16,16,16,7,15,7,16,17,16,16,3,16,12,3,16,16,13,16,8,16,18,16,5,7,3,16,2,7,1,1,16,16,1,3,16,18,6,16,3,3,1,6,8,16,12,4,18,3,7,7,20,18,7,14,17,4,16,15,15,16,2,13,16,8,16,16,1,20,16,13,7,16,4,1,16,8,7,16,1,18,21,16,15,14,1,14,1,1,4,5,9,15,1,16,16,15,15,1,14,16,11,16,9,20,17,22,14,18,14,16,16,5,16,3,11,2,13,16,16,16,10,13,18,6,10,16,6,14,9,11,16,16,9,14,1,3,7,17,17,10,11,17,1,7,5,18,3,13,7,18,5,5,17,6,3,8,12,2,17,10,10,3,14,22,17,11,14,16,8,17,17,17,10,10,12,17,8,9,10,16,19,19,12,3
1,1,3,1,2,2,2,2,2,2,1,1,5,2,2,2,2,2,6,3,2,4,5,2,5,5,3,2,3,3,5,3,6,4,3,8,3,7,1,4,12,3,3,3,7,7,4,3,4,10,9,6,11,1,3,5,4,4,1,4,4,4,5,6,9,4,3,12,7,12,1,8,6,29,2,5,4,5,7,3,6,2,2,20,6,10,7,2,7,4,4,1,8,9,4,27,9,9,9,7,33,8,9,9,3,17,3,9,6,7,7,6,13,4,4,6,6,10,4,9,14,14,21,8,14,14,1,3,15,7,7,7,7,13,4,9,13,3,14,8,10,6,7,3,15,9,4,1,16,2,6,10,16,4,4,2,7,12,10,7,1,11,4,8,15,8,12,4,8,11,1,8,8,13,11,11,9,5,5,3,14,17,9,10,3,17,1,1,2,9,18,3,13,11,1,1,10,2,9,1,11,13,5,9,15,12,5,2,8,7,2,13,9,24,1,6,6,9,6,5,22,7,12,7,3,4,36,9,19,4,30,14,10,9,10,10,4,14,38,2,11,20,9,2,18,10,6,10,2,1,12,7,16,8,13,16,15,11,14,12,23,11,5,3,11,6,10,13,5,13,29,8,4,37,34,9,7,2,10,10,17,10,10,10,12,6,18,23,6,5,14,16,10,5,34,7,1,16,17,21,6,11,14,13,11,21,10,6,4,2,1,5,2,7,17,6,11,15,13,14,13,8,10,4,15,2,13,3,5,8,27,15,13,1,8,22,11,3,4,13,11,9,19,13,3,16,4,7,19,5,20,7,2,6,1,12,9,9,6,12,15,8,2,8,13,5,4,8,2,15,9,20,15,22,4,6,2,28,5,1,10,25,12,2,19,18,8,14,16,12,1,24,8,16,1,23,14,7,3,21,2,19,44,29,3,19,14,15,18,11,9,3,32,2,12,16,13,12,6,9,14,28,7,3,1,9,11,7,9,7,4,11,1,8,21,12,3,18,13,1,12,5,31,13,16,15,2,15,4,8,3,4,12,14,11,13,22,11,10,6,9,25,16,12,5,2,4,19,2,8,22,2,12,7,22,11,40,1,25,16,17,15,22,11,7,3,17,10,2,18,5,19,9,2,18,36,16,7,1,24,16,13,25,7,5,2,27,15,14,16,13,8,25,10,5,13,10,5,20,13,42,19,12,15,9,17,29,11,10,4,17,53,22,24,22,3,27,1,12,3,14,8,3,18,2,1,7,9,37,24,10,1,15,12,25,5,8,20,1,19,3,13,1,4,16,6,9,20,12,2,16,27,8,4,20,9,4,4,45,11,8,29,11,26,21,9,14,10,3,5,5,10,2,4,4,28,27,20,15,17,5,14,10,9,14,2,4,13,14,19,27,5,14,11,17,15,8,13,3,18,22,31,8,1,53,8,2,8,10,24,20,21,9,15,12,11,12,10,8,16,6,4,7,16,10,35,5,23,5,19,4,22,14,17,18,19,11,8,2,2,22,10,27,12,3,14,13,12,15,20,1,5,6,4,24,12,23,16,10,6,6,8,46,9,20,5,16,2,15,1,16,8,6,3,35,3,4,5,6,59,3,4,27,1,4,18,18,18,12,20,15,6,6,27,1,18,1,18,16,3,17,17,3,6,12,17,3,12,1,3,19,3,18,17,17,2,9,7,4,14,19,17,17,20,17,17,16,2,19,19,10,17,17,22,17,7,11,17,20,2,12,16,14,12,15,20,11,6,1,5,10,3,17,5,10,15,17,14,12,10,19,17,17,19,1,12,9,9,17,17,14,17,11,9,17,1,17,17,17,19,5,3,17,11,16,19,8,13,3,17,2,9,15,3,17,17,17,17,1,6,1,8,1,3,17,10,19,6,17,20,10,13,19,8,3,17,9,14,1,3,12,17,5,10,17,15,17,3,19,3,4,17,6,17,2,5,1,17,17,17,17,8,15,17,2,6,5,20,17,17,17,2,17,7,6,4,7,2,6,14,3,3,19,17,15,5,1,9,16,11,10,2,5,3,7,18,17,7,4,5,8,17,1,16,17,18,9,17,1,7,13,7,7,9,17,3,1,5,17,14,10,2,2,14,12,18,16,17,6,9,19,19,2,17,17,17,17,5,2,15,17,3,5,2,2,17,2,5,1,6,4,17,8,17,12,19,8,2,13,9,6,17,2,6,3,11,17,13,6,1,17,8,5,11,16,2,11,22,17,17,7,13,3,12,7,16,8,9,3,8,11,19,17,4,8,14,8,3,12,11
1,1,1,1,2,2,2,2,3,2,3,2,2,2,3,4,3,1,2,2,2,3,3,3,2,2,2,2,5,4,4,4,3,1,4,3,5,7,3,4,6,5,3,4,3,9,4,4,4,4,6,5,6,4,3,4,14,22,1,1,16,4,3,4,5,6,17,10,2,4,4,6,8,8,4,5,5,3,13,1,3,15,4,10,11,8,5,6,1,5,4,2,2,1,2,1,5,18,3,11,1,5,7,7,5,6,3,1,6,7,8,10,7,4,1,17,9,14,6,8,7,8,9,8,10,3,3,17,5,1,6,7,1,6,1,3,7,6,6,8,8,9,14,6,6,7,6,12,4,24,1,9,15,7,14,1,16,2,8,9,8,5,3,12,19,8,11,8,12,15,8,12,8,8,8,9,12,2,3,9,19,12,4,19,8,2,3,14,9,15,13,3,8,16,14,10,3,12,1,10,16,4,8,9,16,5,6,14,14,1,8,1,15,4,45,12,7,16,24,17,20,9,14,23,12,3,5,20,13,3,12,13,9,9,2,10,14,13,2,2,39,23,19,3,9,19,12,12,10,5,2,9,30,11,5,35,17,6,3,14,4,29,22,3,86,2,9,9,24,2,9,20,24,7,4,1,30,4,3,5,5,3,18,6,10,18,13,3,14,8,2,12,5,3,11,4,12,11,7,10,12,21,6,24,12,8,57,17,15,14,29,12,12,8,5,5,23,19,3,13,7,9,16,13,10,5,6,36,3,2,8,8,15,5,17,20,3,11,11,10,1,20,15,4,1,9,11,14,6,1,4,12,11,7,16,4,9,9,2,28,21,1,4,7,14,3,1,6,6,6,5,15,14,3,7,16,13,1,15,10,3,4,24,15,14,6,4,5,17,7,13,13,2,5,14,1,32,4,6,2,10,23,12,29,8,48,10,7,3,2,24,21,13,18,3,6,15,15,12,4,18,8,18,20,16,21,18,7,41,9,7,4,6,8,15,12,12,51,18,1,12,20,37,11,14,4,15,20,10,4,19,9,36,23,9,17,1,13,8,7,20,14,17,10,3,3,7,25,7,22,26,2,11,33,11,12,5,2,3,13,6,15,16,44,8,4,28,9,9,8,10,38,16,1,6,5,1,36,10,7,38,1,15,50,16,1,2,19,19,16,1,15,3,8,2,4,17,1,21,6,16,5,8,17,20,3,13,1,5,18,23,16,15,9,18,5,21,17,9,9,6,17,12,22,10,16,4,12,22,10,8,25,6,14,15,12,7,22,3,15,6,29,21,3,6,25,4,6,4,18,6,13,14,16,20,3,24,16,3,1,5,6,2,1,7,4,11,15,5,18,5,20,13,9,8,2,21,23,6,17,8,2,27,16,13,14,3,12,8,8,13,14,17,21,8,23,2,1,9,4,5,13,1,17,3,9,18,15,10,7,1,2,13,13,4,2,14,6,15,8,17,15,4,18,15,15,1,1,1,12,4,18,17,9,15,7,10,17,15,3,4,15,17,15,3,5,11,2,15,6,9,10,11,15,17,18,2,3,2,5,15,2,11,17,9,12,7,15,15,15,8,5,14,15,1,9,15,3,15,15,3,15,8,8,15,14,12,4,5,14,15,4,8,15,2,13,4,13,14,15,4,15,1,18,8,13,7,10,15,15,17,8,4,15,5,15,17,4,1,10,5,1,15,15,11,16,3,15,15,14,17,14,6,4,15,10,12,9,11,15,13,15,10,7,3,8,15,3,14,7,1,11,3,7,8,10,10,15,1,15,15,15,15,17,17,14,14,1,7,15,5,15,2,15,4,10,7,20,15,15,15,15,15,1,11,6,17,9,12,5,2,10,8,15,15,1,14,16,15,2,14,4,15,2,2,10,1,3,9,9,17,19,15,12,15,15,15,3,5,5,4,15,3,6,15,10,14,10,16,15,7,15,10,15,15,15,3,3,4,16,1,15,18,17,15,15,15,1,11,15,14,1,17,4,18,12,4,15,4,15,10,15,4,8,9,5,1,4,15,11,15,15,8,15,12,4,4,6,17,3,17,2,10,3,2,15,8,15,6,15,6,1,15,9,18,15,11,17,9,10,15,11,15,15,2,15,15,15,15,16,7,20,4,18,2,15,3,10,6,11,10,15,15,15,5,15,12,10,3,5,13,20,4,12,2,15,17,18,15,8,12,2,15,15,13,18,15,7,15,15,9,15,13,6,15,5,12,8,2,8,9,2,4,15,15,1,17,7,5,2,18,12,4,14,15,2,8,6,1,4
2,2,1,1,1,1,2,3,4,1,3,2,1,3,2,1,3,3,2,3,1,4,1,3,2,3,2,2,3,6,4,2,3,2,3,10,4,3,7,2,4,3,4,24,7,27,8,2,2,15,8,7,3,3,10,5,1,12,4,5,9,4,11,5,20,5,6,19,9,9,7,6,6,11,7,7,3,8,16,10,4,3,1,1,8,6,4,6,7,5,7,6,8,6,5,9,8,5,5,16,3,2,4,1,6,9,5,5,9,9,18,8,6,3,16,7,7,4,10,43,4,28,8,7,24,8,1,7,7,2,28,5,15,10,5,14,8,8,9,6,16,15,8,17,3,31,9,1,6,6,1,1,2,3,10,2,4,16,6,2,10,6,6,8,13,9,2,1,6,18,6,16,12,8,8,9,9,18,8,1,12,1,4,36,8,8,8,5,3,3,11,19,4,15,3,12,8,8,3,20,6,11,2,10,10,5,11,10,17,1,4,1,22,7,7,1,1,29,12,18,10,13,8,12,1,15,18,9,5,17,45,7,18,26,1,33,3,4,3,22,6,6,6,2,1,1,1,9,7,1,1,10,9,10,39,9,15,4,9,6,16,1,14,5,3,16,10,6,10,17,7,12,21,19,33,1,9,9,13,23,12,6,6,6,10,10,5,11,13,11,4,5,17,19,8,12,6,47,12,7,19,7,7,11,8,20,52,14,21,4,22,13,1,5,10,10,16,3,18,10,6,14,7,12,8,17,8,17,19,10,12,10,13,6,1,18,13,7,10,8,10,4,15,13,28,9,34,8,1,6,6,15,16,2,7,2,10,11,11,15,14,11,11,1,11,8,8,3,14,1,2,2,6,28,10,12,2,19,18,13,5,4,2,14,15,5,18,3,15,14,7,22,11,6,26,15,9,3,6,10,1,5,12,9,16,33,22,23,9,4,5,14,2,4,14,32,5,4,12,23,55,24,26,2,9,7,8,19,23,19,16,10,46,3,18,6,5,8,3,12,16,9,3,13,5,3,12,3,19,1,3,19,2,23,21,14,15,15,2,26,17,8,15,11,4,19,15,5,11,5,24,4,2,38,12,1,10,2,17,7,9,16,15,20,6,14,4,14,8,5,3,13,1,1,12,16,15,1,6,2,14,15,15,17,14,5,6,13,2,11,10,1,15,20,19,5,2,1,1,15,8,9,18,1,12,2,11,6,9,11,2,2,11,24,7,5,26,5,32,39,1,3,10,12,40,5,14,17,7,5,26,15,16,4,1,11,22,53,1,3,1,6,12,11,3,9,11,28,26,4,24,6,2,3,39,15,14,7,4,15,8,17,8,12,5,11,14,33,6,18,13,6,22,21,2,16,13,20,3,3,10,5,5,18,4,26,6,8,3,23,1,21,14,7,38,2,5,10,2,10,11,5,16,2,1,13,30,10,1,9,62,25,8,31,4,2,4,13,11,18,37,14,23,8,22,4,2,21,24,17,12,7,22,8,4,16,12,4,2,9,11,1,11,3,3,6,19,4,2,1,33,14,14,14,5,1,3,7,9,18,1,1,13,16,15,17,15,15,6,14,8,3,32,2,17,19,18,14,19,1,2,4,14,4,27,2,17,16,2,14,1,13,11,8,16,9,16,3,4,16,3,12,4,5,16,8,15,7,16,16,7,15,16,8,13,8,8,2,2,13,4,8,1,4,30,2,16,3,11,16,12,9,5,8,9,5,36,1,6,8,1,7,2,17,2,6,4,4,23,10,11,18,8,20,18,7,6,27,16,10,18,16,16,16,18,2,13,16,16,16,16,12,9,18,10,1,15,8,1,4,1,16,16,16,16,4,5,11,1,18,16,9,11,16,15,1,16,2,9,18,16,16,13,10,2,12,4,10,1,16,18,18,4,12,3,16,7,16,16,4,5,5,19,16,16,16,13,5,2,16,16,16,18,9,11,9,4,16,14,14,18,4,16,7,7,10,16,19,16,13,10,16,13,7,7,1,6,13,16,16,16,5,16,4,11,7,16,16,16,4,4,3,2,2,16,1,5,16,16,16,11,13,1,4,4,1,16,4,6,16,1,16,16,13,12,5,16,2,16,12,6,16,1,16,8,11,11,11,16,16,19,2,2,1,7,5,16,13,18,8,16,18,10,16,1,1,7,10,23,3,3,15,16,1,16,11,8,16,16,13,16,5,16,7,4,5,2,4,9,3,3,16,2,8,5,8,7,15,16,18,14,3,3,16,9,7,3,15,8,3,4,3,2,11,5,16,3,16,6,3
1,4,1,1,3,5,3,1,2,2,2,4,6,3,2,2,2,2,2,2,2,4,4,3,4,6,8,4,4,2,2,5,3,2,1,2,1,4,3,3,3,5,3,11,1,3,20,4,3,3,5,6,5,3,5,5,3,1,8,5,7,6,5,7,6,26,10,5,5,1,6,5,10,9,4,2,13,5,5,4,2,31,5,6,4,13,45,2,3,2,2,6,9,9,5,5,4,6,5,5,11,2,4,4,8,6,1,7,6,6,3,6,4,10,5,10,8,13,6,8,1,4,7,6,4,6,7,6,7,6,8,7,8,8,8,7,35,12,10,6,9,9,3,9,3,12,11,14,20,10,1,7,1,7,8,10,4,13,33,6,7,3,6,72,8,14,2,6,19,13,21,10,9,15,7,3,6,22,9,6,1,10,13,2,8,9,4,9,4,7,2,8,8,18,8,7,4,3,7,10,4,9,2,3,4,15,1,6,15,3,10,9,6,9,1,13,4,31,11,9,2,10,12,1,7,11,3,14,10,9,10,3,2,8,30,23,13,34,8,9,3,9,9,14,1,3,32,12,15,5,6,5,3,1,8,7,2,6,6,16,2,12,69,5,11,22,21,16,14,12,22,13,11,12,14,3,9,1,15,8,20,9,4,35,12,2,7,3,5,5,2,6,25,21,16,1,12,8,1,20,9,8,22,1,10,14,6,19,9,3,9,12,10,12,9,11,10,4,10,8,17,2,10,12,11,13,15,3,3,1,2,16,10,4,4,17,27,16,23,32,5,7,6,17,5,12,12,14,5,13,10,24,4,27,6,11,2,6,6,24,7,18,16,7,7,33,14,21,36,16,2,3,26,1,19,20,13,12,10,9,13,1,1,15,16,3,3,3,3,14,50,11,14,13,12,12,4,6,7,33,2,14,13,32,6,10,5,22,19,4,12,17,13,16,12,3,17,12,2,18,6,12,10,24,14,18,15,3,7,4,4,7,18,1,36,11,16,17,5,13,16,9,7,9,11,8,42,19,18,1,5,14,21,2,9,3,7,34,5,20,32,7,11,16,7,5,17,19,8,24,30,13,17,19,15,2,1,18,12,18,4,12,17,11,20,31,43,2,13,46,12,2,3,9,19,1,15,14,7,33,20,15,19,12,2,20,17,6,4,10,12,5,16,9,5,5,2,17,9,12,18,16,2,1,26,2,4,16,1,13,29,13,6,1,16,10,2,12,56,5,4,11,10,15,18,17,2,8,18,18,17,15,2,18,14,10,24,23,18,5,12,34,13,9,4,18,5,9,13,3,11,19,18,19,8,21,3,13,5,17,19,14,15,9,7,8,7,10,7,25,51,19,21,14,15,1,17,15,4,1,2,24,17,8,14,15,12,9,13,1,15,9,15,15,15,1,13,1,9,4,6,15,5,17,6,15,4,2,15,1,12,16,11,15,4,4,17,5,15,1,10,15,5,15,17,17,18,3,5,1,4,15,18,6,15,15,17,8,1,15,19,15,15,14,15,4,3,5,6,15,17,1,16,15,6,6,12,1,15,11,15,15,7,4,12,13,7,2,15,15,11,14,7,18,12,15,3,15,15,4,2,7,11,17,1,4,7,15,6,9,14,1,15,7,14,11,17,15,1,6,15,12,6,11,9,5,4,14,15,17,8,10,15,10,15,4,3,8,9,15,1,12,14,3,7,14,15,1,6,15,15,8,1,8,15,1,3,12,8,3,7,15,15,15,13,9,15,3,15,1,2,14,15,14,15,15,9,1,15,14,15,15,2,17,15,17,8,9,14,15,5,4,15,4,9,15,12,15,4,9,15,7,11,3,1,17,15,18,15,5,9,8,9,4,2,18,15,15,1,16,7,11,15,1,14,13,8,6,12,18,15,15,15,15,9,16,2,3,11,4,10,15,15,11,7,9,1,1,6,15,12,9,7,10,15,1,17,15,17,6,2,2,11,3,15,11,15,11,10,9,15,10,4,1,15,15,6,15,9,8,7,12,8,6,5,5,12,15,4,15,14,4,9,18,17,3,34,15,15,15,10,15,16,3,1,2,5,6,6,10,15,2,15,15,6,5,16,15,4,3,15,13,12,15,3,1,17,9,15,4,15,13,3,14,17,16,15,13,7,3,1,15,15,9,7,17,5,15,15,3,13,12,4,17,14,3,15,6,10,15,15,15,3,2,10,2,19,10,6,8,6,15,15,4,15,7,6,4,7,7,3,16,20,18,12,18,6,8,2,16,16,7,2,9,10,3,16,16,9,16
1,2,1,1,3,2,2,2,2,3,2,1,2,4,2,2,3,4,2,4,3,1,3,6,3,6,7,4,3,5,3,3,3,3,3,5,5,6,3,4,3,7,1,5,12,5,4,4,4,6,9,4,10,2,8,5,3,3,7,5,7,4,7,3,20,11,7,3,23,3,6,5,4,7,5,2,9,4,45,22,7,10,44,12,5,3,6,6,4,9,3,5,5,5,10,6,10,2,14,17,6,5,8,13,12,2,1,12,4,10,10,2,8,10,1,22,17,9,1,10,12,8,7,12,12,8,10,6,8,12,1,1,10,5,6,3,30,5,12,11,4,5,3,14,6,3,12,11,23,9,3,7,11,15,11,1,1,10,2,11,10,1,10,12,10,6,6,48,9,10,10,9,19,9,9,12,3,9,21,18,2,12,11,19,15,8,6,2,41,4,18,11,39,6,5,6,15,4,10,4,39,1,21,18,7,8,2,7,10,11,21,2,12,4,16,3,14,38,18,15,14,3,15,14,12,12,10,9,11,7,27,18,6,8,2,27,19,9,28,2,6,12,13,12,4,10,14,6,15,18,17,22,14,1,17,14,10,2,7,5,7,7,8,5,9,4,5,2,6,1,13,2,10,4,14,11,9,2,9,7,1,20,13,5,2,21,8,6,9,14,5,9,36,8,2,8,2,4,1,8,8,8,8,10,4,3,8,12,10,11,11,10,7,4,3,15,10,9,6,23,8,10,15,14,9,10,8,8,54,3,5,6,1,1,5,9,2,17,12,20,11,8,37,28,18,35,8,4,9,4,3,1,9,29,1,10,14,13,13,7,13,11,13,13,17,11,1,17,13,9,15,10,4,9,5,3,16,28,2,20,13,13,2,18,12,12,12,1,17,6,8,10,15,28,9,14,7,20,12,13,30,6,1,21,5,8,76,1,14,13,22,14,40,17,22,1,3,10,4,7,21,22,27,11,19,5,1,4,6,11,26,8,6,5,1,11,2,12,6,12,6,12,1,4,1,7,14,15,2,9,14,4,7,11,15,2,1,12,13,9,3,21,21,15,7,16,12,4,30,29,11,1,10,4,2,13,15,16,13,7,8,16,5,14,19,9,11,14,21,15,13,51,15,14,15,6,19,1,20,2,17,8,18,19,9,19,22,1,3,14,16,13,27,3,20,20,19,6,1,6,17,18,8,2,9,25,9,1,10,4,15,6,8,3,3,27,32,10,16,3,3,28,3,5,25,20,1,8,7,1,24,3,19,5,25,1,21,20,2,22,17,1,15,1,6,1,30,11,2,17,33,29,23,6,3,18,7,9,1,23,16,16,14,9,15,14,19,7,7,1,3,5,25,25,4,15,2,19,7,16,6,12,4,13,2,2,24,4,9,14,17,16,15,9,15,1,13,16,16,10,21,15,19,15,15,17,15,14,1,15,9,4,6,11,3,9,15,15,6,7,8,15,16,12,8,4,14,15,12,12,8,15,15,4,15,15,15,15,1,15,17,5,14,16,8,11,15,15,17,8,12,1,1,7,15,3,4,15,4,12,15,2,5,4,15,11,14,17,15,12,6,1,19,15,17,15,4,13,8,1,1,1,15,5,1,3,17,7,1,17,15,4,4,12,1,1,2,3,14,4,8,9,15,6,9,1,6,14,10,4,1,7,8,15,15,4,9,11,8,2,10,15,17,11,4,15,17,16,15,4,4,15,3,5,15,19,5,2,10,8,3,12,7,11,3,17,1,16,4,6,2,11,6,3,15,10,5,12,1,7,17,2,16,7,15,8,15,7,5,15,16,5,9,17,6,15,8,15,6,19,4,17,7,15,15,6,15,9,15,15,1,15,14,15,15,15,2,15,13,12,10,1,14,4,19,1,14,11,15,9,15,9,15,13,17,12,3,5,17,2,15,10,4,4,5,17,11,1,13,15,13,1,15,12,9,20,4,2,14,1,4,3,17,15,7,19,3,3,6,3,12,6,14,15,2,11,15,11,15,7,2,17,3,10,4,15,17,1,15,2,2,3,15,4,8,17,17,15,1,1,4,15,15,15,5,13,4,14,2,2,4,5,21,2,4,17,4,2,5,14,5,2,10,15,12,15,6,2,4,2,8,16,1,2,8,6,15,1,4,6,7,7,15,4,15,13,15,15,10,1,14,6,15,17,13,15,17,9,15,15,15,4,2,9,2,3,2,15,10,7,11,10,10,10,15,17,12,4,13,14,15,15,15,18,4,4,4,7,5,15,13,2,15,7,15,15,15,6,8,10
1,1,1,3,1,3,2,4,3,2,1,4,2,4,2,3,2,2,1,2,3,2,3,3,2,1,6,6,2,5,2,3,3,3,7,3,5,1,4,2,7,12,7,6,14,7,6,6,7,8,10,1,2,5,3,1,3,1,3,3,9,3,1,3,4,14,4,1,1,6,5,2,2,6,6,7,1,9,7,10,11,6,2,5,4,12,12,4,19,10,12,2,2,7,5,9,6,11,7,8,2,16,9,2,6,6,4,14,7,7,3,4,20,1,9,7,3,12,10,6,5,6,8,7,3,15,7,6,10,10,9,9,3,2,9,7,8,1,9,11,9,11,10,8,2,16,4,8,6,22,13,12,10,9,11,10,13,12,18,6,8,8,13,19,7,12,13,13,15,8,19,19,15,1,3,18,1,8,3,20,5,2,14,7,10,10,11,7,14,23,2,17,1,18,10,10,7,4,2,7,4,26,5,34,28,12,18,15,4,4,1,24,5,8,4,39,25,1,5,20,3,20,6,15,22,1,19,3,4,6,4,5,3,7,22,12,4,18,15,4,3,7,9,12,9,9,23,12,1,8,8,9,1,5,1,9,8,14,4,10,11,17,7,4,11,4,12,7,22,4,9,8,24,3,7,12,6,3,13,6,6,4,5,31,3,12,1,12,13,2,3,10,1,4,4,1,5,14,19,27,2,1,4,6,11,18,17,8,25,16,2,11,6,16,14,14,13,11,10,10,14,4,11,15,8,10,7,27,40,18,10,37,36,6,33,23,1,13,4,14,13,5,8,2,11,10,4,18,15,11,12,4,8,16,12,11,20,2,4,9,4,8,1,20,1,11,2,7,12,4,9,29,14,18,4,13,6,11,6,6,10,5,24,12,1,15,8,12,4,12,14,14,8,10,2,5,11,1,8,10,27,7,22,8,21,10,8,36,14,44,3,14,10,6,1,17,21,5,13,2,19,16,14,16,1,1,12,5,14,5,5,7,1,15,14,7,15,5,9,16,5,14,21,1,6,1,13,15,10,2,16,6,5,5,3,30,13,3,23,6,17,25,17,19,10,30,22,19,15,2,20,10,1,2,14,21,12,17,22,16,6,17,8,13,3,5,17,1,1,13,25,20,10,3,4,9,48,10,1,6,18,3,11,2,15,12,5,16,10,12,2,7,27,30,4,16,9,3,6,35,19,6,5,11,4,15,15,12,32,16,4,5,8,4,1,8,5,33,1,9,4,17,3,2,1,1,14,17,4,8,10,20,4,13,13,3,17,13,6,13,4,16,5,15,6,18,13,5,2,3,14,14,5,19,12,4,20,8,23,5,23,7,6,10,3,7,4,3,42,21,9,14,8,1,3,11,6,52,3,17,1,6,17,11,18,9,5,16,5,6,10,13,18,13,6,8,33,22,11,1,13,5,11,3,20,17,19,7,5,22,7,6,25,7,4,14,12,2,13,11,2,12,11,13,11,5,10,37,5,23,3,27,15,17,2,20,4,19,6,8,11,1,1,13,50,31,11,4,16,20,4,10,3,1,9,10,4,10,11,21,2,4,22,11,5,5,2,19,1,18,31,16,7,10,7,13,15,4,16,9,28,58,2,2,2,22,1,6,7,11,26,1,23,10,1,11,6,4,1,4,23,1,15,7,13,13,8,2,16,12,1,29,3,17,2,3,5,23,16,12,19,3,3,14,5,2,31,15,15,5,15,5,11,3,16,16,16,5,2,8,16,3,2,1,2,18,16,5,5,6,10,17,9,7,17,11,16,15,13,2,2,15,15,10,3,13,15,1,4,10,3,15,17,18,15,15,15,15,1,15,13,15,15,13,1,10,4,3,1,13,15,5,13,4,2,13,15,11,15,15,17,2,8,3,15,10,15,1,4,17,14,2,6,1,11,15,14,15,15,4,1,15,9,15,15,3,9,14,5,3,4,2,8,12,5,17,4,11,15,8,15,1,15,15,10,13,4,17,9,3,15,7,17,14,7,2,16,2,9,3,15,17,1,1,5,16,8,17,5,1,12,2,1,9,9,15,6,15,4,1,1,6,6,1,4,15,14,13,15,8,15,7,1,15,15,17,2,17,9,1,2,7,15,5,4,11,15,10,4,15,16,17,15,7,4,15,10,15,8,9,15,4,11,2,3,6,4,11,3,3,15,8,17,3,12,6,4,8,2,11,15,15,23,5,2,15,12,15,2,3,17,15,16,15,5,15,17,15,17,15,4,14,15,15,13,10,15,1,1,15,9,15,15,15,15,2,1,1,3,5
1,2,1,1,2,2,1,2,1,2,2,3,6,3,2,2,2,2,2,2,3,4,2,3,5,3,6,3,5,3,7,4,1,6,4,12,4,5,9,6,2,2,2,3,5,2,2,3,7,4,4,7,10,4,2,3,6,4,6,7,8,7,4,10,7,7,4,7,41,6,3,17,7,6,3,2,1,2,8,4,7,5,12,7,11,22,11,20,8,6,6,9,8,7,10,9,6,10,9,13,8,8,10,7,6,8,8,3,9,5,10,13,8,14,5,20,8,14,16,10,9,16,3,23,7,5,18,7,25,11,10,21,5,17,2,13,3,9,20,17,6,8,6,9,6,4,7,6,7,7,1,9,3,8,8,2,3,1,26,8,11,3,12,10,5,8,2,1,15,1,11,12,3,10,35,8,12,2,6,12,17,10,18,15,2,2,10,9,7,8,7,9,8,11,10,15,10,11,12,8,11,10,6,8,6,16,4,18,12,9,9,14,4,10,8,1,4,3,3,19,6,27,16,13,1,12,4,3,4,26,16,1,1,14,12,9,10,10,2,8,11,15,13,8,21,10,21,12,10,9,11,3,19,14,3,21,4,1,20,14,17,1,23,9,5,14,5,26,5,14,15,13,4,1,11,19,6,17,5,22,8,27,4,26,3,16,13,3,8,16,41,4,1,4,6,2,19,8,17,4,13,3,2,6,27,4,17,22,25,13,15,1,11,11,4,4,23,7,11,4,5,12,3,3,2,4,7,9,29,8,26,13,2,12,6,8,18,2,4,5,9,16,13,2,3,11,17,12,3,12,16,8,17,3,14,22,4,10,9,25,5,18,18,14,12,1,8,22,18,5,14,11,8,2,14,16,1,13,6,23,9,23,14,9,4,14,11,2,10,10,16,16,15,15,5,2,4,2,6,3,9,19,9,14,17,4,1,19,7,7,16,31,1,6,19,4,6,1,15,3,19,10,28,6,12,18,5,6,6,6,11,10,7,30,6,19,4,6,10,6,3,10,4,2,16,13,10,37,7,33,16,4,1,4,16,6,38,4,3,10,31,6,2,2,22,6,5,19,14,15,4,16,19,2,18,5,1,7,5,3,2,4,7,2,7,24,5,2,12,5,13,24,23,3,23,6,9,2,46,4,14,15,17,16,17,22,17,4,1,5,9,2,15,18,18,2,8,6,1,3,9,22,20,5,13,4,8,26,6,18,25,7,3,3,17,7,44,2,22,15,40,4,17,14,23,14,3,4,27,3,2,4,3,2,8,15,29,6,5,21,5,23,12,17,8,1,14,1,1,8,4,18,47,11,3,13,20,8,3,51,18,16,18,10,1,28,17,22,11,22,33,19,5,2,17,24,10,12,9,1,9,34,3,7,4,7,5,10,9,3,24,2,18,3,5,14,1,5,17,5,1,25,29,8,7,22,19,17,7,26,12,14,15,6,15,3,8,1,21,10,9,27,7,18,19,7,23,11,22,20,6,8,20,4,27,10,2,50,6,8,2,3,5,1,3,19,7,32,22,4,17,1,13,21,25,7,26,12,15,23,3,18,3,3,3,12,20,4,1,3,10,1,5,20,3,6,18,29,7,3,15,13,21,9,44,2,5,15,6,1,3,7,4,5,2,5,12,21,25,12,3,1,10,29,10,52,20,6,7,14,21,4,27,1,14,22,5,21,20,6,19,3,9,4,10,31,18,4,2,4,8,7,3,21,22,1,10,15,1,1,8,2,20,21,25,6,20,19,11,23,9,14,1,1,4,10,28,29,15,16,18,19,5,1,12,1,17,8,10,11,3,9,4,26,3,34,9,16,3,10,6,1,1,46,24,37,1,4,26,10,1,9,9,7,8,13,6,37,25,1,4,37,19,22,12,3,23,17,19,7,19,4,17,5,18,2,4,3,1,18,6,27,23,2,7,21,23,3,11,21,19,4,12,17,1,2,2,20,16,5,1,18,14,17,2,2,2,5,48,8,9,23,29,20,10,6,6,2,5,4,24,15,30,10,9,4,24,15,12,1,24,12,2,1,10,8,16,1,18,10,5,4,27,3,18,2,20,6,21,18,22,2,1,3,7,32,20,13,12,31,11,9,34,17,3,27,27,18,4,17,2,6,12,7,10,7,15,38,29,10,4,26,35,17,1,37,6,1,2,10,10,23,11,10,20,1,15,2,7,5,24,7,6,20,10,6,27,5,28,16,21,23,2,4,25,25,10,14,14,14,20,23,3,4,21,6,2,17,1,13,21,20,20,20,17,14,11,3,15,4
1,2,1,1,2,1,2,1,2,4,2,2,2,2,2,2,3,2,3,3,3,2,2,2,2,10,4,4,3,3,3,3,3,6,3,4,10,5,2,6,3,3,1,3,5,3,3,1,9,3,2,3,10,10,8,4,14,4,5,8,3,8,2,16,11,1,2,9,4,2,5,9,6,16,6,6,4,27,8,3,13,7,4,4,4,5,5,4,6,5,8,5,9,6,5,5,6,8,7,2,5,11,12,7,9,10,6,12,13,2,13,5,4,11,4,5,4,3,9,7,6,6,3,6,9,8,4,5,9,11,9,6,15,9,8,8,6,11,10,13,4,2,1,15,16,1,11,4,4,6,4,4,2,1,14,8,13,7,24,11,9,9,13,1,1,11,11,1,1,14,10,12,17,4,11,23,18,17,11,5,1,3,15,10,27,8,9,9,7,7,1,25,1,10,2,27,3,6,2,8,12,14,3,16,8,8,14,16,5,9,15,10,5,9,7,13,10,5,5,7,13,10,12,13,12,4,14,9,7,11,14,1,12,11,14,22,12,21,2,6,5,21,15,15,6,7,8,6,7,23,7,10,37,5,22,9,22,14,2,21,24,28,16,1,19,2,22,3,8,6,1,10,10,1,15,3,24,2,4,12,14,2,24,4,11,29,6,5,15,6,1,19,3,10,12,19,3,27,8,11,11,5,2,10,8,7,11,28,2,13,6,16,1,2,2,5,7,2,17,13,17,14,1,1,5,12,2,5,29,11,11,13,13,10,20,10,26,4,12,13,14,3,8,4,2,40,49,8,24,15,17,4,18,3,1,18,1,21,4,6,12,13,16,14,17,19,6,9,26,13,11,5,10,17,8,12,1,1,1,9,12,12,7,11,12,14,1,11,15,14,11,2,6,13,10,10,12,1,12,18,13,12,12,12,9,17,36,18,9,9,10,2,4,7,4,1,2,3,10,13,6,6,15,14,13,6,3,2,15,21,10,14,5,13,11,3,1,23,4,23,13,4,43,6,1,1,13,2,4,30,14,7,8,3,38,10,2,3,13,13,9,8,3,43,19,2,11,2,44,61,4,19,20,14,1,18,9,15,4,15,2,14,3,6,4,23,19,5,14,6,17,7,15,3,4,19,17,13,7,15,9,8,6,17,28,9,29,32,12,33,16,17,12,14,21,17,2,4,1,21,3,18,5,14,17,14,1,21,22,17,14,23,16,12,11,6,13,10,21,5,3,27,10,16,12,11,7,1,11,2,4,4,11,1,2,21,40,6,21,11,21,18,9,5,15,26,19,10,4,48,3,15,18,9,17,8,5,5,6,6,3,26,13,15,23,5,3,12,61,15,7,1,22,4,20,10,11,4,35,18,4,21,2,2,22,17,8,14,9,10,11,5,1,15,9,5,24,6,18,4,3,7,9,21,11,1,15,5,12,11,7,12,10,10,5,41,3,28,16,1,12,13,26,1,29,4,22,16,16,4,16,9,14,17,4,10,18,14,16,3,15,19,15,6,17,13,5,3,9,17,32,17,5,17,40,13,12,48,1,4,7,1,7,3,1,18,17,18,8,19,10,6,5,25,7,14,18,4,2,7,17,18,1,4,4,6,25,3,4,2,6,14,3,11,8,15,2,1,32,4,16,9,9,2,1,13,4,15,16,20,21,17,3,8,17,5,18,15,5,3,6,14,30,13,6,4,38,10,21,4,10,17,10,9,18,56,15,1,8,28,3,18,13,2,10,2,7,23,29,7,11,11,6,11,19,3,8,29,2,3,13,31,13,22,16,1,19,7,2,4,1,3,8,10,14,2,6,14,19,7,3,23,13,3,3,4,37,9,13,1,11,25,5,13,1,1,19,7,10,1,17,8,3,1,18,7,2,1,18,4,28,1,3,17,3,12,19,2,32,16,3,16,12,16,3,16,7,2,16,5,16,3,16,16,8,16,16,3,16,4,6,8,5,3,1,6,9,16,16,14,16,1,3,16,16,10,16,1,5,10,3,2,2,18,16,7,6,4,19,3,3,5,4,11,5,3,6,17,18,16,11,2,11,18,2,12,2,5,16,15,2,4,16,7,11,15,4,4,8,16,16,5,3,3,18,16,13,16,16,10,8,10,5,4,16,4,11,18,2,16,14,16,16,16,16,16,12,16,18,19,3,18,16,1,16,11,5,11,6,16,11,6,8,16,14,16,16,6,16,17,5,16,18,1,17,7,16,2,6,3,16,7,6,1,6,16,5,3,7,16,12,3,10,13,2,12,9,16,4,11
2,1,1,2,1,3,1,5,2,1,6,1,2,1,2,2,3,4,2,2,4,2,5,2,2,2,2,4,3,5,3,6,3,5,3,6,1,3,18,7,8,2,3,3,1,3,9,5,5,4,2,3,5,1,5,4,1,1,12,3,4,7,2,16,10,26,7,19,5,8,5,16,7,4,6,3,14,4,4,5,9,2,17,6,4,8,4,4,6,5,6,5,6,7,6,7,6,1,9,5,18,11,6,7,1,15,17,6,12,14,3,1,10,2,4,1,9,2,2,5,3,3,5,3,3,8,6,8,6,5,5,7,5,4,9,3,8,5,6,5,11,10,13,7,2,8,5,6,8,13,1,5,10,7,21,5,23,2,10,31,1,1,8,14,10,9,8,2,10,7,4,10,1,5,9,7,5,8,6,3,29,13,12,21,8,11,5,11,10,2,12,11,10,13,13,9,9,9,8,4,5,1,5,3,7,31,6,8,11,27,15,6,7,14,6,6,21,35,11,6,2,3,12,10,21,6,9,11,4,20,3,6,12,12,1,12,3,4,11,12,6,10,6,3,19,17,3,16,8,7,8,10,4,10,1,6,17,30,11,4,13,9,11,18,9,2,6,10,4,8,4,10,21,13,8,7,11,2,18,12,1,11,12,2,11,1,5,13,11,9,15,5,10,15,12,13,12,7,15,14,9,5,4,14,7,26,4,19,28,20,4,2,33,16,10,7,8,48,21,12,2,3,3,5,7,10,20,10,23,12,10,25,7,12,3,15,11,12,10,17,20,10,3,14,4,24,14,3,12,4,12,14,6,4,5,33,13,2,25,11,12,13,45,1,24,22,2,16,11,24,3,1,3,15,14,18,18,14,22,4,2,4,24,5,15,1,5,18,1,6,2,7,6,42,27,5,4,5,13,4,3,7,1,7,10,1,4,10,2,12,9,15,20,17,7,11,8,3,38,20,3,11,18,2,24,7,2,4,15,17,8,2,19,1,14,4,12,17,5,24,6,7,16,12,7,13,3,14,11,14,11,2,21,18,2,10,8,23,10,13,16,15,3,1,13,15,1,4,14,9,10,6,14,5,21,12,6,2,12,2,22,11,15,32,3,5,2,5,7,5,15,2,18,15,3,8,11,20,19,11,2,14,13,17,34,1,6,14,13,4,7,3,26,6,18,18,6,5,19,8,2,2,6,8,2,24,20,10,17,10,16,24,7,12,6,18,8,2,1,19,18,6,16,11,22,14,10,3,9,9,10,1,20,10,12,1,18,27,18,11,22,4,8,28,2,3,6,17,2,18,7,8,3,36,3,26,2,6,2,2,13,8,3,27,17,8,3,11,26,14,4,21,5,19,14,8,19,24,5,15,5,24,9,24,22,8,14,13,9,3,5,15,15,6,18,9,11,1,25,19,11,4,21,17,7,14,25,5,18,4,3,10,3,20,4,11,17,15,17,10,11,17,13,3,9,24,4,20,2,16,16,3,16,16,13,11,18,10,4,16,17,5,2,4,17,7,4,17,17,17,6,19,14,16,13,17,14,1,18,12,17,17,5,3,19,11,19,2,7,2,14,17,18,11,15,17,13,1,13,17,16,2,12,2,17,12,5,14,17,17,5,2,17,9,4,10,16,17,17,17,1,17,17,19,17,4,2,9,8,17,17,4,1,5,2,1,6,5,19,11,12,17,1,7,16,10,6,3,9,6,3,20,20,3,17,4,11,2,2,18,2,10,17,5,19,10,9,6,17,5,6,1,12,3,8,3,17,6,6,3,16,2,11,17,10,3,1,2,1,8,17,11,17,17,9,17,19,7,17,16,17,1,6,20,19,3,11,7,11,4,8,15,10,8,17,17,8,9,6,6,17,18,16,5,2,7,20,17,17,13,16,8,10,11,6,1,14,11,10,10,17,15,7,15,16,8,19,5,1,5,16,16,18,3,16,15,1,5,1,14,18,2,16,16,10,16,8,3,17,10,10,16,11,2,4,11,1,21,3,4,7,7,1,3,17,5,16,8,4,3,3,6,14,3,1,2,17,7,14,16,14,6,14,17,1,7,9,16,11,14,4,17,16,10,19,11,21,7,4,6,17,3,17,7,16,1,2,17,3,14,7,10,2,17,8,11,10,17,4,2,13,17,18,9,17,4,1,19,12,14,17,17,9,17,13,1,12,17,1,17,17,9,7,7,4,12,4,12,16,18,12,12,18,4,4,16,14,2,16,16,5,10,14,5,8,16,18,12,16,4,8,14,16,13,14,13,7,15,16,1
